iter,time,reward,steps,convergence
1,0.000511430999999618,-609.06,200.0,93.69
2,0.0012412360000055855,-207.62,200.0,87.740857630098
3,0.0019652800000073967,-222.26,199.54,78.34017421009801
4,0.0027083380000121338,-241.34,200.0,69.69726227240895
5,0.003852261000012902,-209.78,200.0,60.44618264850304
6,0.004576206000010075,-241.48,190.22,53.42405799096561
7,0.0052913960000111615,-211.14,195.46,46.296711827303504
8,0.00601615300001157,-202.48,200.0,39.74409136631274
9,0.006553979000010202,-223.4,198.8,32.59512501843135
10,0.006722961000008354,-228.18,193.9,27.57365174413644
11,0.0074936390000104325,-306.4,197.74,25.92418329187751
12,0.008396288000007246,-166.12,173.92,26.532185937949368
13,0.009166201000006424,-141.44,174.22,29.523677971619815
14,0.009858783000005644,-195.12,196.62,29.255929199256137
15,0.010189602000011178,-123.72,155.7,31.21940980889507
16,0.010351272000008294,-100.7,130.64,31.122340449679616
17,0.010530443000007494,-462.94,180.36,33.05125781908735
18,0.011021995000007223,-101.28,128.42,32.44229566110174
19,0.011290377000008789,-203.7,187.12,30.984275690715037
20,0.011790380000014977,-300.24,184.62,27.435108577560293
21,0.01229316400002034,-216.96,186.3,27.506772464884165
22,0.012623193000024457,6.44,73.5,27.00485421738737
23,0.012807723000022975,-83.72,132.2,30.30810219841988
24,0.012928807000022857,-4.0,84.34,30.199506816535255
25,0.013016620000023238,7.94,45.1,30.28073452838
26,0.013118476000023804,-16.5,70.4,28.26047506788724
27,0.013219667000022639,-12.04,73.5,24.60952656607703
28,0.013333132000028058,31.82,32.88,22.83176038984711
29,0.01343912900002664,-28.16,91.02,22.2524738447788
30,0.013819520000026841,-114.28,143.66,22.760793639999783
31,0.014240647000022477,-14.28,75.42,20.5183055978676
32,0.014370837000022618,-2.54,57.88,17.107284063186313
33,0.014593113000017865,0.46,68.48,10.878470125481435
34,0.014705536000015229,13.78,55.16,10.653048583035474
35,0.014847424000016929,37.02,29.02,8.857472033155137
36,0.014907668000020635,3.74,59.22,9.394230482767892
37,0.015102283000025807,-57.04,103.46,9.648391173877721
38,0.015876864000027524,13.5,50.22,10.120421871670414
39,0.01594936000002889,-14.44,85.02,12.814189597752272
40,0.01621461400002744,-2.34,85.46,13.12856214776493
41,0.01642101500002724,-10.84,87.16,13.690095569186354
42,0.01664683600002803,-27.58,101.94,13.747563082529032
43,0.016807508000027838,41.92,28.18,15.52136032706496
44,0.01698090700003263,33.08,31.22,16.21213656035613
45,0.01705939700003256,-59.56,106.04,18.213770024877313
46,0.017220219000037673,-62.32,96.24,18.432789509065604
47,0.017321347000034848,-555.76,147.98,22.231801921756585
48,0.017457815000035737,-237.04,198.04,23.309489039700246
49,0.018234503000037705,-193.98,190.2,22.464303671811646
50,0.018559224000036068,-227.64,194.68,22.294269629521786
51,0.018892327000038733,-171.52,172.52,27.949898040975427
52,0.01959529800004134,-203.78,200.0,33.51724062079323
53,0.019937911000042163,-181.16,186.74,32.283182493383684
54,0.020270606000039493,-125.96,153.1,34.29886254626439
55,0.020467194000040934,-19.96,65.16,31.94207747654673
56,0.02057021100004164,13.2,45.74,33.17622545641667
57,0.020708828000046253,-52.32,93.0,29.493525813433212
58,0.020830877000044268,-39.46,73.14,31.18821211940385
59,0.02094433300004539,-21.12,64.06,31.14561476393418
60,0.021130979000048455,-15.56,57.5,30.41352449499076
61,0.021231624000044746,-247.32,189.3,25.279278772524965
62,0.02134825200004542,-65.44,100.66,21.683399536526785
63,0.02152083800004334,-1.02,63.3,23.642098804604036
64,0.021659638000045334,28.86,33.64,22.694467688277825
65,0.02181206100004829,-8.44,78.58,26.7904635881177
66,0.022035964000046704,-192.22,175.28,28.069848250203687
67,0.022225306000045464,-137.7,161.58,31.20840460516643
68,0.022749150000045404,-201.68,200.0,29.467953005024555
69,0.023463200000044537,-223.72,200.0,31.658720072045178
70,0.023943598000045085,-167.34,177.46,33.799431435715796
71,0.024210708000047987,-192.36,190.08,34.158412065477606
72,0.02460377900005284,-53.98,131.5,33.71951383565307
73,0.025016423000053578,-126.06,171.58,39.89892400535818
74,0.025268485000054852,-117.74,154.5,39.1295446818305
75,0.025645278000055782,-37.7,90.44,40.505541107850384
76,0.02587184400005782,34.4,27.58,37.62536023495412
77,0.025953996000055213,16.66,43.6,39.493574382797455
78,0.026063320000055512,26.98,35.6,40.15454193452765
79,0.02615492300005684,-162.28,171.3,38.446722908915554
80,0.026229242000056274,20.68,40.72,38.42745017367818
81,0.026310237000060965,-221.36,189.26,41.454690702133874
82,0.027032721000054494,-138.8,158.9,44.4722600777253
83,0.027288174000055676,-92.4,150.14,38.99210803535875
84,0.027458063000054267,-104.64,155.02,40.33410710619328
85,0.027677044000050444,-82.3,140.52,36.472971687784955
86,0.027878403000052288,-136.94,158.2,38.49764526302134
87,0.02811419400005377,-20.2,78.96,36.65973265234537
88,0.0283152250000569,-80.76,144.1,36.27227267911554
89,0.028526253000052293,-43.6,110.3,35.048412781970725
90,0.028631542000049137,-2.28,86.42,35.367785362415944
91,0.028798662000049546,-11.6,86.38,34.4074480640165
92,0.028930924000050595,12.68,45.54,31.553454608134796
93,0.029010657000050344,12.6,50.54,28.431403780356646
94,0.029093406000050948,-1.36,67.24,26.62367383351554
95,0.02917098500005011,-6.2,64.42,25.44981233095232
96,0.029401069000051905,-103.68,97.84,25.060834145731246
97,0.029487436000053435,-19.0,79.82,21.79908305210923
98,0.029580972000047723,39.3,25.0,23.793238222001968
99,0.029650262000046723,5.1,63.56,25.489404955452596
100,0.029765510000046902,37.32,26.4,24.649196917973107
101,0.0298338910000453,-23.0,81.22,25.28720519427908
102,0.0299024680000457,37.1,24.88,24.44067762626048
103,0.029979412000045613,-151.96,165.48,25.749944436709637
104,0.030181570000046065,-178.7,169.42,25.82408058112397
105,0.03047934200004221,3.52,57.3,27.60192520852194
106,0.03054568900004284,-46.58,102.48,27.576065952613526
107,0.03070198600004659,-49.56,116.8,29.872470972812312
108,0.0308915040000457,-182.58,179.36,29.294794814747082
109,0.03172103600004306,-176.36,176.46,28.557164420562277
110,0.031821204000046066,-121.0,138.3,31.229713457077843
111,0.03255008900004697,-169.0,175.44,31.974563065846787
112,0.03264451100004351,-38.3,90.22,32.46390183510425
113,0.03312192000004188,-195.7,196.98,32.0580235820726
114,0.03326538800003931,-168.24,190.28,33.85508140114269
115,0.03366183600004291,-169.28,183.2,34.2131624965855
116,0.0338394490000411,-141.2,158.04,33.7100342775927
117,0.034041769000040745,-20.18,58.82,33.72024688471329
118,0.03410041800004393,-20.58,56.0,31.742494995878747
119,0.03424526700003838,-14.26,55.4,31.964951618900443
120,0.03434315100003715,-71.16,97.3,28.579950405356403
121,0.03441583100003953,-32.56,63.22,27.508585157117285
122,0.03449454300004362,-27.64,54.52,30.247846446433915
123,0.03520646600004085,-498.8,184.46,35.41532669757779
124,0.035674817000042935,-41.82,102.3,35.12492043291318
125,0.036055767000043204,-179.64,143.5,34.670333387070094
126,0.036325784000041494,-99.1,136.16,35.3701013033471
127,0.036510964000044055,-175.72,182.74,33.11263317409463
128,0.03694709000004792,8.42,85.1,31.90848939327073
129,0.03716372700004911,-3.94,75.06,31.27314784272908
130,0.03733595600004236,-12.18,99.88,31.37600860024233
131,0.03751956500003928,40.24,53.1,29.241074493450686
132,0.037745993000037004,-37.4,88.08,27.87535456939837
133,0.037892032000037545,-69.08,77.86,23.923239670566648
134,0.03803320700004065,-18.38,77.2,27.657597907952294
135,0.03812943300003724,25.42,42.18,27.751899094690224
136,0.038218481000036775,26.74,41.84,26.71721851753157
137,0.03836801600004236,1.38,88.0,27.952337532279227
138,0.038524310000042306,-9.66,101.86,29.84841527403743
139,0.038683568000038804,20.5,44.96,30.545487919751782
140,0.0387898500000432,5.76,48.98,28.733856995975383
141,0.038894182000042576,-39.84,107.98,31.24971738225961
142,0.03960063100004163,-202.12,199.28,29.84987233563559
143,0.04031251500004629,-205.92,200.0,32.17261188942644
144,0.040638263000047914,-203.64,200.0,28.20646380751875
145,0.041326075000050366,-198.12,197.88,33.71631876250799
146,0.04204469200005434,-152.5,169.56,35.03005414773272
147,0.04211785700005066,19.52,43.62,35.528810031539855
148,0.042187645000048235,-80.96,90.8,39.8218053475182
149,0.04227287800004831,-77.28,90.02,40.20132633205331
150,0.042407313000047964,-164.46,152.1,43.9509993827426
151,0.042833282000046324,-73.02,87.18,41.58882261366978
152,0.04292855800004247,-48.96,106.92,41.986222493442845
153,0.043033168000036426,27.22,32.16,37.521675219808664
154,0.04311548500003681,14.04,44.18,35.55986450358878
155,0.04320316300003668,-83.24,128.18,29.377861554127765
156,0.04329361300003853,32.56,25.94,26.84141871101686
157,0.04335255200003729,10.8,46.26,26.483298259710317
158,0.043479048000037324,26.34,29.56,20.463640349731552
159,0.04354158100003502,16.98,46.74,18.890391445415904
160,0.04363498400003607,11.06,47.74,15.1545717671251
161,0.04369755300003675,26.22,32.88,13.20981540290399
162,0.04379002700004264,20.4,35.22,11.605785191950572
163,0.04389676800003883,-5.82,64.62,11.911983159096502
164,0.043969465000039065,8.06,48.72,11.89115854611305
165,0.04408585800003806,26.58,33.1,12.709649001426957
166,0.04419903800003766,0.18,58.04,13.685227380749987
167,0.04436923600003695,-10.64,69.16,12.317958207291625
168,0.04448083900003752,38.76,25.54,13.928845619630215
169,0.044549112000034086,-16.44,74.96,14.7862623013612
170,0.044653166000031774,-22.94,72.52,17.465291360868054
171,0.04472669700002996,12.52,45.7,19.91752704265692
172,0.04481119300003655,6.86,53.96,20.1130894802952
173,0.04492604300003933,-29.86,83.74,22.354665256343306
174,0.04500170000003578,14.28,45.4,23.889632528206683
175,0.04509702300003937,-58.8,101.5,24.61671136177587
176,0.0452347960000381,-30.86,81.08,25.042936997334643
177,0.04545138900003565,37.32,26.4,26.6852064992034
178,0.04551363100003414,25.56,41.06,24.456517021667562
179,0.04558567600003016,38.78,25.52,22.127284563536396
180,0.045699162000033766,33.6,29.26,20.282141385462836
181,0.04577214600003998,35.2,25.62,20.069161621889982
182,0.045837885000040046,1.84,59.28,19.87121121500121
183,0.04595093600003963,7.74,53.66,19.464839720904802
184,0.046033610000037584,6.38,61.4,18.74642268157703
185,0.04609005700003621,-53.28,102.84,16.349206593741144
186,0.04638443100003542,-159.22,173.44,17.624872353820127
187,0.04660400100004125,-156.3,169.94,15.332957585426385
188,0.04676182900004022,-70.76,109.66,17.95985910134443
189,0.04683607100003684,4.34,59.38,20.587238270020865
190,0.046937827000036236,-210.06,184.88,24.1541629093999
191,0.047256562000036695,-186.32,174.98,23.524155809806615
192,0.04740738500003516,31.28,26.64,23.68288140516346
193,0.047481329000035544,16.16,48.44,25.941619771555587
194,0.04754699100003279,4.26,58.88,25.66558675832198
195,0.04763347000003648,25.78,39.68,27.18726437725063
196,0.04768799600003604,32.24,28.58,24.668770288087142
197,0.04774456400003402,31.26,27.82,24.796447930214676
198,0.04781436600003275,31.72,26.78,26.45895416770969
199,0.047860598000028176,34.58,30.3,24.030614407681487
200,0.04797761900002939,31.64,32.66,22.163981684367695
201,0.04802974400002569,20.1,44.78,23.705221009805896
202,0.048165316000023495,16.68,45.3,28.07621894700601
203,0.048268032000024164,-8.6,65.96,23.6267474743096
204,0.048331061000027375,19.94,43.78,23.26429592635574
205,0.04838863000002647,-11.18,74.04,21.534870466164882
206,0.04849959800002779,-8.72,66.64,21.421576248618443
207,0.04858724000002468,-487.38,63.32,25.730903259905908
208,0.049038962000025776,-201.9,200.0,21.242204152589252
209,0.04950694800002253,-183.28,191.04,23.505543669650933
210,0.050234672000023295,-593.1,145.24,30.820600134600745
211,0.050376879000019414,2.9,66.04,27.880738901361564
212,0.0504650960000248,13.44,48.76,23.407897169173758
213,0.050562222000024803,-3.06,59.82,27.850749206353477
214,0.05063106300002573,24.1,28.6,30.048784591643546
215,0.0507772620000253,26.5,41.86,31.27289386787509
216,0.05083256900002198,-81.8,95.38,37.814729399769604
217,0.05100532800002355,-3.66,42.44,35.39572129497098
218,0.05107538000002165,-159.48,157.4,39.550201240918526
219,0.051302138000025366,14.12,48.14,40.32803772746962
220,0.05136737000002256,30.66,31.98,33.20042952282071
221,0.05144653300001778,-6.7,64.26,35.40701833265927
222,0.05158038700001555,-0.56,65.82,39.46820147035883
223,0.05192527100001598,14.28,65.68,38.80055620971696
224,0.05205982500002193,-181.1,181.7,39.96017626417441
225,0.05220486500002153,-26.08,101.82,41.16594226497144
226,0.05249242200002158,-86.16,103.22,39.252982167902545
227,0.0526019120000214,0.38,66.82,38.446263723100984
228,0.052706163000017625,-10.46,78.82,34.488729483309655
229,0.05280284000001956,-34.38,60.98,34.927514506747045
230,0.05297378500002026,16.5,47.8,34.92981154674892
231,0.05307844800002215,15.78,48.52,32.55976435582843
232,0.05322891300002652,-223.76,191.92,33.18823591521385
233,0.05337713300002633,-231.08,190.56,29.885011574706176
234,0.05357583600002869,-50.84,91.46,32.05971844873305
235,0.053757183000030295,-55.24,125.32,31.365467144311726
236,0.05394272800003108,4.42,86.02,30.05507257627239
237,0.054120342000032906,-26.32,90.32,33.48375071697504
238,0.0541842610000387,28.48,29.62,37.44752418350516
239,0.054309122000034904,2.54,59.46,34.00906684676702
240,0.05437776100003333,28.62,33.44,34.493218538493466
241,0.054449810000029686,36.36,29.28,34.68936502005298
242,0.054507521000026316,12.24,43.36,29.672476122339173
243,0.054598685000023295,-44.08,106.36,31.42903873888243
244,0.05466925600002526,-27.24,80.86,29.646901373222597
245,0.05486290700002172,-17.22,62.46,28.588598220822455
246,0.055036021000020696,-16.02,58.64,27.53436162601683
247,0.055121951000018043,16.1,45.12,24.261202697312594
248,0.055245405000022174,-12.22,58.94,23.02614490746483
249,0.055322281000023565,-106.68,128.92,26.84559782902677
250,0.05549130600002172,-8.84,60.82,27.78018925415128
251,0.05560028200002165,-22.56,70.2,31.462426652748974
252,0.055809078000024215,-59.86,100.12,34.79684455148901
253,0.055918835000028366,-528.96,179.28,34.03890709174725
254,0.05635548800002965,-69.56,87.06,34.6057618393336
255,0.05643146400002763,-29.62,83.18,33.85821017782787
256,0.056596524000028126,-189.78,194.52,34.898474642030365
257,0.05680910000003081,-33.46,67.76,36.01015492564913
258,0.056900542000029475,-139.36,154.68,35.937307075687485
259,0.05719889000002354,-14.22,69.68,32.40848443912661
260,0.0573075640000269,9.86,48.06,29.615160655580752
261,0.05738217900002951,13.48,44.62,28.30450238485262
262,0.05743784600002755,31.52,26.98,24.9713682263061
263,0.05749737900002572,34.48,29.24,27.137021180775587
264,0.057616856000024086,2.7,53.7,23.665408486468884
265,0.05834729100001823,37.28,24.92,26.022543762547382
266,0.05842455800002,34.44,26.82,24.41498249503463
267,0.058499016000020276,27.8,27.22,26.021832900058136
268,0.05855535500001707,38.96,26.5,26.0011929530612
269,0.058631941000015786,-59.56,103.0,28.79849435060599
270,0.05885178400001223,-10.12,75.3,29.764353891214085
271,0.05895464200001754,-103.34,94.62,30.144181962852144
272,0.05909964000002077,-40.88,75.6,33.067187512018926
273,0.05923048200002512,-58.14,96.14,33.45201019027597
274,0.059349013000023376,-27.24,66.02,35.487850526251876
275,0.059500669000023265,19.44,41.56,35.2392412219214
276,0.05957792700002784,-12.98,63.08,35.46400689903204
277,0.05971483200002581,-110.8,54.94,35.61156121362671
278,0.05984344500002692,-35.44,58.44,33.81553019770185
279,0.0606009120000266,-229.0,183.12,32.52334826102161
280,0.061057302000030234,-94.64,151.26,32.54297619466447
281,0.06120290700003039,-198.58,120.08,34.9048950617828
282,0.06128237900002631,-174.32,182.52,33.277159638406395
283,0.06155216800002705,-171.42,178.44,33.277564383395465
284,0.06198439200002781,-47.34,96.14,31.770022893865338
285,0.06210210400003291,18.84,44.88,34.838157554937084
286,0.06223847600003296,-70.0,104.34,35.167888487738814
287,0.06238644200003307,-6.46,64.68,33.09241970692785
288,0.06244926600002998,-3.54,60.94,34.6438581585727
289,0.0627685140000267,-181.52,186.24,35.91817157047899
290,0.06344662300002568,19.72,43.42,37.00470315115057
291,0.06353649900002267,32.04,27.04,34.71971578907049
292,0.06366146500002401,18.2,44.94,34.99688978260197
293,0.0637263020000205,36.64,25.34,31.10346086016491
294,0.06381187800002408,-2.44,61.52,33.999956393074555
295,0.06391874800002029,32.72,26.36,28.725552592199186
296,0.06399622000002125,32.3,25.62,30.331725120267425
297,0.06424263700002086,15.82,43.84,30.386530965782747
298,0.0643057710000221,23.46,37.36,30.653251702442766
299,0.06443646400001768,-70.22,120.38,29.95342650534323
300,0.06454411100001778,17.84,44.72,28.795972810086074
301,0.06465576300001885,11.72,49.1,25.4558654171718
302,0.06486511100001735,33.14,27.1,26.256818095847194
303,0.0649154750000136,-6.38,67.2,30.757571960757495
304,0.06502310800001254,-54.2,108.68,29.157301792836982
305,0.06524579100000949,-19.68,80.22,31.360049333408085
306,0.06542088200001217,1.78,59.62,27.363162652755147
307,0.06556853400000762,5.26,56.72,25.408999103487325
308,0.0656830080000077,4.16,56.08,27.474705212296406
309,0.066301406000008,-610.1,171.22,27.20865056170677
310,0.06663829600000781,-96.66,137.1,29.345583466732954
311,0.06686633100000705,-41.9,80.06,31.63238659824134
312,0.06731538800001147,-24.14,58.24,36.523377728352344
313,0.06748017200001044,14.76,68.36,34.20455154137251
314,0.06764465100000905,17.3,77.56,33.865940287530506
315,0.0677237110000064,29.4,63.72,33.56944656476701
316,0.06798496200000415,6.6,88.84,35.20616736380356
317,0.06818435200000295,-55.84,123.84,37.80239073624402
318,0.06835842699999972,-2.3,90.88,34.55590559424697
319,0.06851051999999669,-36.38,112.86,37.84243690723609
320,0.06868258999999455,-171.02,181.14,36.472993877495206
321,0.06876777899999809,-195.62,191.0,38.172874045959
322,0.06898403400000319,-119.98,154.14,33.53599940244371
323,0.06912647900000479,-263.76,180.96,34.94749386286873
324,0.06937215300000332,-145.66,157.14,35.915479109620854
325,0.06947055100000199,-153.08,174.92,37.42042620095854
326,0.06978734300000156,-177.46,184.24,38.421222471984876
327,0.07053067300000038,21.7,69.18,37.27235316333781
328,0.07060445699999462,-89.86,149.42,36.619572441099066
329,0.07077033599999538,-25.92,106.78,31.95456029383896
330,0.07082955599999963,-70.12,138.7,32.64309456744796
331,0.07103586899999925,-146.16,173.96,30.254465750794783
332,0.07127936300000215,-162.46,183.34,31.542203564286986
333,0.07147421100000173,-140.82,165.14,30.692599114190944
334,0.07189489600000343,-15.96,80.26,30.52105668942816
335,0.07206129400000094,-93.52,115.84,28.85359980183882
336,0.0721534580000025,2.66,68.6,26.204739279724247
337,0.0724584570000033,-206.32,152.5,25.596498058853705
338,0.07275675300000728,-222.08,173.04,26.81222648821866
339,0.07295098800000943,-84.88,96.14,26.616171179725406
340,0.07304765000001368,30.52,29.14,23.495575765748914
341,0.07322719900000862,4.1,57.3,22.342511152777195
342,0.07339740700000874,21.6,43.28,18.834465209829204
343,0.07412696800000873,-120.82,123.14,18.937890733833115
344,0.07684152500000607,-173.66,184.64,16.90666878642683
345,0.07721674900000153,-102.82,139.58,15.992412053567307
346,0.07747799100000208,-74.24,145.6,20.834853360014726
347,0.07768246199999851,-21.7,78.2,23.64098669919962
348,0.0777880799999977,16.4,46.46,23.57413058677239
349,0.07786281899999636,-2.16,56.34,24.35478839613013
350,0.07794990099998955,11.06,45.76,27.204597947676927
351,0.07801524499998891,31.9,32.4,29.11768564505927
352,0.07810520699998591,31.28,31.88,29.20193983622773
353,0.07828500299999064,41.32,27.62,28.507306972710314
354,0.0783648219999904,1.9,60.66,27.305780390220832
355,0.07847004199999219,18.34,52.34,31.52120472195716
356,0.07853544999998974,30.06,29.6,26.812169620635167
357,0.07860926599999374,8.76,58.46,22.695157217733303
358,0.07868333699999397,14.66,47.9,22.157618302878653
359,0.07874796799999473,-8.34,82.42,27.442571003716886
360,0.07888674499999837,2.02,63.46,24.81350083882899
361,0.07897133299999837,41.76,26.6,24.655045697376366
362,0.07913074999999736,-47.72,99.98,26.38458479556286
363,0.07933650199999676,19.38,46.38,26.46387518124852
364,0.07941076999999552,30.84,33.06,29.251260565947565
365,0.07950991699999577,-44.04,102.58,24.189992795642002
366,0.07963458399999723,18.34,47.12,24.238651861568066
367,0.07982564499999967,-73.6,93.56,25.671747199187546
368,0.07993677700000035,-49.64,116.02,26.572285385669552
369,0.08003329599999631,6.24,66.48,20.480927133933516
370,0.08026166499999476,-59.42,107.64,20.665389335046186
371,0.08034016799999222,-58.04,98.84,20.828065000016586
372,0.08059062199999545,44.06,48.48,22.574750456834533
373,0.08076673099998999,15.06,78.06,22.528388711214866
374,0.0808368719999919,-14.4,81.3,22.67903880574581
375,0.08144685199999202,-178.5,190.3,23.537657099538432
376,0.08170028799998619,-65.54,118.6,27.273944713833124
377,0.08198918799998722,-87.88,128.18,27.285539093312536
378,0.08225131499998639,-195.54,182.74,26.271368687023056
379,0.0824391099999886,-176.7,175.86,31.432867115769028
380,0.08314817099999061,-64.82,75.98,34.61280395374011
381,0.08327661599998493,-172.94,173.3,36.444966393367274
382,0.08344661299998535,-196.9,188.54,36.91091728334242
383,0.08378656299998255,-172.22,183.3,39.17435278418485
384,0.0840838299999831,-156.64,174.54,43.57537313454041
385,0.08420204299998346,-70.68,123.44,42.824969325927164
386,0.08430640799998201,-16.08,76.32,43.23789813590457
387,0.08442323299998122,-149.44,166.86,42.490499584342224
388,0.08472630199997866,31.92,28.54,44.10732986489864
389,0.08477786199997439,36.02,27.7,40.467541136281014
390,0.08484537399997549,-179.8,164.12,38.765938394908986
391,0.08492333099997751,30.72,29.92,34.67633495957951
392,0.08499586499997491,30.14,33.12,30.181077067619082
393,0.08506750399997287,22.3,43.56,28.038775216451807
394,0.08514270599997076,35.36,28.94,23.85994814794786
395,0.08528163399996913,-13.4,62.42,23.779900783972074
396,0.0853591429999696,-14.48,41.12,19.674248425212475
397,0.085530451999972,31.52,32.02,19.35139832416535
398,0.08577905199997105,-60.74,97.28,20.527457476904488
399,0.0858944889999691,22.48,37.46,20.872914152801624
400,0.08601563599997064,-18.36,78.62,19.827636714763713
401,0.08608388499997233,-181.46,162.08,22.087340578608938
402,0.08615572399997262,-60.82,79.52,26.201014078862727
403,0.08623609399997179,-83.78,122.28,24.129090709706865
404,0.08640741699996823,-15.26,62.66,21.416662943837714
405,0.08648962599996679,-1.86,52.62,23.51921383806229
406,0.08664906299996744,26.06,32.56,23.833216304715382
407,0.08675133399997037,19.9,38.42,26.036220936241005
408,0.08684973099997251,17.14,41.94,25.460585705511946
409,0.08691463499997099,4.82,55.6,27.08299574671736
410,0.0869796349999703,-0.22,56.62,30.039824616370908
411,0.0871305079999729,1.68,57.24,27.92503854184805
412,0.08719120499997501,-101.72,105.0,27.359710534096667
413,0.08726761699997354,16.26,41.68,28.282978178675222
414,0.08741396999997164,39.0,25.74,30.49606286829033
415,0.08754483899996757,-6.84,59.32,28.722179889055887
416,0.08764987299996818,-105.24,137.4,30.522630722405335
417,0.08775809799996637,-130.84,144.44,30.418056454662654
418,0.08783884499997185,13.6,47.3,28.731154546339333
419,0.08789368699996913,31.06,26.28,26.883946855535832
420,0.08796320999996254,17.62,40.88,26.635948262709576
421,0.08810829299996215,-124.26,120.94,27.36169182809662
422,0.08826671999995739,-185.88,170.24,26.20592117000868
423,0.08836377499995507,1.34,46.88,27.208864983203807
424,0.0884759029999529,-43.84,94.6,27.169234469840426
425,0.08855844199995033,-4.26,32.58,30.562694697049597
426,0.08863884599995231,-19.36,51.86,28.436140087627297
427,0.08871442499995652,-18.06,46.48,26.410725281071073
428,0.08878390999995389,-16.02,55.02,24.515964909398512
429,0.08886229999995976,-325.0,182.54,27.47738032260733
430,0.08942650299996302,-28.96,116.34,24.730223951710006
431,0.08960238999996051,-38.62,121.6,24.80313110714662
432,0.08979714199995925,-92.66,141.72,24.62712026156887
433,0.08993319299995761,-105.1,159.36,23.208222621374496
434,0.09019751099995688,-221.68,200.0,22.899343321293223
435,0.09091222299995394,-126.22,150.1,21.06260110165234
436,0.09118382999994878,-184.76,179.6,23.549438285332467
437,0.09130075099994883,-1.9,61.64,25.27846005484427
438,0.09139738699994382,-25.48,100.9,27.14022835432403
439,0.09161502099994578,-30.54,108.86,24.062547969820713
440,0.09179552199994845,19.1,76.02,24.533294562092564
441,0.09204364399995058,-104.06,148.66,26.882432460643294
442,0.09236071999994522,-78.06,142.88,27.7119885096866
443,0.09266267299994979,-64.38,100.46,27.97071167385088
444,0.09293307999995193,-371.04,106.96,27.762706063001133
445,0.093258709999958,-198.1,180.46,28.420599877755883
446,0.09363907899996349,-478.12,193.74,32.33115571453833
447,0.09408439799996415,-165.4,162.92,36.65432124419479
448,0.09427877199996004,-160.22,156.18,37.934077984114545
449,0.09499246599995814,-163.26,157.02,42.14649041553077
450,0.09512261099995811,-44.82,90.42,46.45975395767705
451,0.09524160699995576,-92.44,127.92,46.978939015735264
452,0.09557294899995838,-79.8,125.34,45.06765237850226
453,0.09567787299996411,-252.14,196.86,48.891199338462044
454,0.09588862899996542,-21.04,76.42,48.56355417773106
455,0.09605749099996785,-46.92,97.1,46.81359932482001
456,0.09614356699997018,-190.92,195.0,42.7461344624113
457,0.09631608499996958,-0.44,92.56,37.18726398531135
458,0.09646225599997393,-202.7,193.74,40.26968307459772
459,0.0967288049999766,-136.54,156.28,37.5528121330733
460,0.09726162799997695,-314.24,158.46,32.82601214062772
461,0.09783140699997972,-193.72,199.04,34.97444394228184
462,0.09809136799997731,-127.2,175.42,40.683469477844405
463,0.09838531199997647,-167.04,185.38,36.89100501918976
464,0.09859972399997474,-2.54,59.88,41.980298087450564
465,0.0990363179999747,-133.42,171.82,41.49160427113943
466,0.0995548329999778,21.02,72.58,44.37232022339144
467,0.09965025699997909,4.5,89.24,44.35436760552551
468,0.09992134499998429,-49.86,123.88,39.95659333076569
469,0.10012157199998484,-52.0,129.22,38.538732086226545
470,0.10047252999999046,12.28,74.3,37.80672589847951
471,0.10054143299998941,35.42,30.7,33.519416210071896
472,0.10063125499998904,13.94,48.44,28.26247481899125
473,0.10082117399998936,-30.12,107.94,29.399781870590438
474,0.10098680699999107,13.52,84.36,23.1679186542673
475,0.10122968299999258,-0.86,93.64,24.632518529322926
476,0.10132676199999224,-1.98,93.74,20.269937863381475
477,0.10164003199999172,-16.14,86.56,20.92227049801291
478,0.10170569399999607,-3.84,80.0,20.597636734282055
479,0.10185042499999497,-1.78,84.74,20.971059437949876
480,0.102015846999997,-11.44,108.7,22.11520546607316
481,0.10215493399999787,32.64,61.72,22.57744493388983
482,0.10231736199999375,-4.42,96.04,22.794576948999982
483,0.10244638599999689,33.12,61.42,22.56166212871434
484,0.10260307899999788,-0.8,81.16,24.288074700777777
485,0.10268077700000333,8.72,66.64,23.311813304568716
486,0.10277791300000416,28.46,45.96,23.041460404442994
487,0.10292477800000199,8.48,73.84,22.94919108659073
488,0.10303279899999751,10.44,66.72,22.02822241436278
489,0.10310258700000219,-151.24,163.44,25.126774715644927
490,0.10333767000000194,-225.78,200.0,24.72209147010256
491,0.10361165700000186,-131.92,165.44,24.878476418220217
492,0.10387497200000695,-112.28,159.18,25.711041307733257
493,0.1040120480000084,17.0,79.64,24.847310243357125
494,0.10413337800000733,-1.56,89.38,24.42119635806675
495,0.10431514800001196,13.24,83.04,25.354513043623456
496,0.10437585600001142,18.7,63.58,25.204802315853676
497,0.10447483700001214,-182.62,191.28,26.403760375276004
498,0.1047280490000091,-176.4,185.52,29.41168692268942
499,0.10532299800001255,15.76,80.52,24.82823330878005
500,0.10566586500001307,-86.72,116.38,24.306403507947728
501,0.10629139900001405,-23.92,94.04,23.935138123877813
502,0.10654226800001254,-189.86,193.74,24.03560690992731
503,0.10691866900000946,-166.08,188.54,25.741029445901972
504,0.10734175000001045,-153.08,173.82,24.023320396180274
505,0.10755555400000816,-54.24,129.72,23.956158522241797
506,0.10766478200000762,24.76,47.08,25.62623367034389
507,0.10777103800000987,6.52,68.74,23.47815708716101
508,0.10793830400001525,-7.8,68.92,20.396477204475428
509,0.1080852980000202,3.92,89.82,22.273246523096468
510,0.1085172510000163,-194.96,189.76,25.009687948580037
511,0.10886208600001623,-24.46,98.18,28.745433764939786
512,0.10904600000001352,-1.4,76.86,27.052636143097583
513,0.10915229900001577,26.92,32.74,25.912770425700337
514,0.10921426900001308,21.88,40.7,29.404100283772085
515,0.1094427320000122,36.98,29.06,28.29281067938299
516,0.10953633800001228,-139.82,147.46,30.915324876750013
517,0.1096334370000136,-169.7,171.5,32.62062873488661
518,0.10972983400001368,9.56,54.02,32.292883300728235
519,0.1099524550000126,-159.46,76.48,37.19234127395504
520,0.11014191600001055,-72.98,123.36,36.42372282360572
521,0.11024537700001247,19.5,62.78,31.9754768439752
522,0.11032024300001808,19.44,43.12,32.997945607145866
523,0.11044970200001814,-23.68,71.18,35.7301500347842
524,0.11058662000002073,-165.32,162.36,32.129717444974176
525,0.11071944800001887,22.16,47.36,33.33598899353474
526,0.11078760800001675,33.46,27.94,31.254150298065348
527,0.11086224200001737,-9.08,74.94,30.203484040382687
528,0.1109170610000163,37.24,27.06,30.101912477151973
529,0.11099235900001503,24.54,41.32,22.20429790930232
530,0.11105947000001493,15.26,44.4,19.631456658545925
531,0.11114262600001723,34.4,27.4,18.569219702447306
532,0.11124829000002023,19.48,44.24,16.797580178423072
533,0.11144054900001521,-14.26,108.98,13.284206668016697
534,0.11158150100001052,-66.58,139.78,15.290664750142131
535,0.11212311000001307,-58.52,109.78,13.528108557067034
536,0.11231814200001367,-142.78,161.84,15.409577195097972
537,0.11239904600001438,-49.96,72.24,16.26095782582365
538,0.11250179800001803,15.48,47.08,17.25279780667544
539,0.1125534540000217,-14.1,49.98,19.661107276130785
540,0.11272115100002367,-30.2,119.9,21.76900086582297
541,0.11290857400002352,-28.98,113.28,24.802251043656135
542,0.11305409500002384,26.66,67.08,24.97098326802554
543,0.11321395100002718,-197.56,190.0,29.53185130399325
544,0.11335443000002243,-365.88,143.8,29.82113596290273
545,0.11373038900002541,-196.9,198.54,30.487811966898267
546,0.11420094100002842,-184.34,185.78,27.3226525052946
547,0.11492192200002904,-37.66,125.22,26.377753293702312
548,0.1151387910000281,-152.78,176.98,25.593843608979615
549,0.11521919500002298,2.58,86.34,26.766468085937657
550,0.11543858600001755,-3.62,98.18,24.523169075680734
551,0.1155694800000191,13.42,82.86,21.99455823223705
552,0.11582189400001397,-13.92,103.1,21.56568010000562
553,0.11609126900001598,-393.96,172.54,16.97743403311226
554,0.11679313800001268,-199.58,195.54,19.696551136611586
555,0.11771810000001182,-241.64,196.4,22.608387914177364
556,0.11853550600000773,-228.54,200.0,23.589277029203416
557,0.11930509800001232,-198.8,197.0,27.252831325745216
558,0.12004163000001,-253.44,200.0,28.69490300666963
559,0.12080810200001224,-199.54,196.28,26.31374675727327
560,0.12146006000001108,-211.12,190.2,30.351661498381002
561,0.121917025000009,-199.4,188.9,30.199485557534736
562,0.12226725500001123,-172.2,186.18,31.749951685009385
563,0.12267339500001384,-168.12,178.86,33.23633281643923
564,0.12311463900001485,-87.28,106.16,34.6190460937281
565,0.12334051900001697,-62.18,105.62,38.41003108095599
566,0.12346378300001248,-571.16,124.84,41.94727485620881
567,0.12355352000001574,-12.06,74.04,39.93233967482325
568,0.12361927500001713,8.46,58.74,40.671268391472196
569,0.12376095700001599,31.56,26.36,39.62776098305411
570,0.12385961000001089,-4.6,67.16,35.401307495265506
571,0.12395550500001207,-33.52,93.2,36.48225669919393
572,0.12406644000001421,32.2,25.72,36.43713959999638
573,0.12413871400001142,-177.38,172.72,36.28208148420452
574,0.12454420100001329,-37.8,95.74,31.442128794212955
575,0.12470193600000812,-110.58,142.8,24.06430906514469
576,0.12483214600000991,15.06,48.08,23.01297832560619
577,0.12489364600001096,39.28,26.76,21.09601470882017
578,0.12496619500001316,13.9,49.24,21.576062253125478
579,0.12512009700000704,19.22,43.34,22.326041205092498
580,0.12519984700000464,39.16,25.72,24.872860945872414
581,0.12525701800000633,40.76,25.86,27.974382664583544
582,0.12542195600000383,-48.24,59.76,28.263019937050057
583,0.12572022600000565,22.6,39.96,27.912604758256418
584,0.12586957400000642,-28.24,89.94,29.981302477921645
585,0.12593766800000594,19.58,40.66,33.67187446073849
586,0.12607256300000103,29.92,28.58,31.47160284082368
587,0.12612809700000582,34.04,25.62,34.72613566903392
588,0.1262036720000026,-134.14,153.14,34.22474312508294
589,0.1262993470000069,38.86,26.6,35.90764925467899
590,0.1263973850000042,-1.28,60.94,34.26210275963974
591,0.1264811410000064,25.52,42.26,32.028028410701545
592,0.12655533400000252,0.12,57.22,32.629463258340834
593,0.12675935299999708,-21.0,79.5,32.62744496849446
594,0.1270300779999971,-206.26,184.24,31.347025829961147
595,0.12710876799999227,-235.54,198.14,31.272876192579968
596,0.12782059199999196,-160.08,166.32,30.627630246624413
597,0.12802761799999018,-172.1,176.96,36.39987930571024
598,0.1281831089999912,-233.98,194.82,40.64244499905503
599,0.12880450499999085,-166.96,175.44,43.87237606551995
600,0.12914457299999071,-142.32,159.04,53.201793043561295
601,0.1293335239999891,-126.68,170.3,53.06350714080867
602,0.12966435599998505,-36.14,121.18,55.13609537916748
603,0.12992988599998512,-168.12,171.34,54.27878629084337
604,0.13017803199998212,-4.96,97.1,55.988076326304295
605,0.1303414139999859,-148.4,177.36,54.366804922351754
606,0.13056639499998823,-65.68,133.02,53.554063173592894
607,0.13110620899998793,-89.48,127.92,47.71003125540163
608,0.1313237449999889,-165.48,177.2,46.55344671823765
609,0.13139426399998655,-113.84,139.22,44.09263455470868
610,0.1321045319999925,-197.94,197.18,41.54796403225269
611,0.1323495649999913,-187.38,189.18,43.36653777522541
612,0.13273173599998955,-185.6,188.34,39.68443859032145
613,0.1331939649999896,-61.96,101.76,41.43112779955929
614,0.13330057899998593,-39.9,60.92,47.257801699426054
615,0.13348163299998816,-37.22,67.8,45.238779982192746
616,0.13362055799998984,3.78,41.24,46.25788718027207
617,0.13370510899999033,-20.76,54.22,50.01172482058613
618,0.13382093699998876,-3.46,39.96,45.6234501959525
619,0.13391106099998495,-38.98,62.5,44.68656698945415
620,0.1339973579999878,-6.94,31.26,41.44731679889912
621,0.134144766999988,-152.38,159.68,38.30916168057089
622,0.1343604529999851,-92.42,122.2,40.186503112368015
623,0.13453352999998458,-6.26,70.64,41.382126846013215
624,0.134635426999985,18.0,72.98,31.53491415737297
625,0.13474045599998163,-115.08,145.84,34.32263250550766
626,0.13485823699998178,-157.52,170.02,32.555544963257304
627,0.13507648999998167,-177.96,184.12,25.34698135131679
628,0.13533286899998132,-128.16,157.34,24.84533384652908
629,0.13554566699998105,-72.08,130.58,24.5355544141324
630,0.13572988999997904,-145.7,166.16,23.735487423297904
631,0.13587998499998122,-128.38,148.26,24.202976911132264
632,0.13598371699998069,2.42,56.7,23.182855899913328
633,0.13607357099998296,12.56,50.88,22.12607209169939
634,0.13614381199997894,30.1,30.44,21.9716484401687
635,0.13623654299998122,38.12,26.76,27.033792953448266
636,0.13629222399998042,20.2,41.2,26.721841405880944
637,0.13635914399998228,26.64,42.3,28.40352221470846
638,0.13641880899998426,35.2,25.62,27.912752342505968
639,0.13649160799998583,18.5,42.32,28.15209724642046
640,0.13656382799998568,36.86,25.12,24.47703726508444
641,0.13668307799999013,10.32,42.38,23.024582623403283
642,0.13674341399999435,-157.94,163.36,23.736305353787905
643,0.13688916999998924,-6.42,65.22,22.962632499578643
644,0.13697645499998856,26.04,40.58,22.93654458790388
645,0.137059091999987,32.82,25.68,17.11118643435617
646,0.1371732659999907,-191.56,168.34,18.378445098105892
647,0.13731211699999335,-181.0,161.24,17.917731192410578
648,0.1375635479999886,20.08,45.38,18.607256674797764
649,0.13765095699998398,10.08,51.04,16.84027132615519
650,0.13772061299998484,19.28,42.7,19.34823188392233
651,0.1377908289999823,-70.94,118.8,19.63939364738396
652,0.1379562319999863,25.66,40.96,18.253425583026296
653,0.13817357199998526,-48.36,101.96,18.657722265846655
654,0.13829809199998522,-16.28,80.0,20.941661486275432
655,0.13848204299998912,-153.3,163.94,19.447050067191917
656,0.1385840739999864,-19.56,75.2,18.19415920283254
657,0.138741883999991,-12.08,72.62,16.48726425011998
658,0.13892112699998904,1.06,60.06,18.040750246307333
659,0.13925620499999525,-77.92,129.54,21.106477644091353
660,0.1396938609999978,-14.24,98.1,19.842234112875612
661,0.13982012799999666,-27.78,75.16,20.54446956584508
662,0.13990762599999584,-7.08,38.82,24.006000792122578
663,0.14002369699999662,-113.06,143.06,22.199724559338655
664,0.14027118599999255,-30.26,78.66,20.370649459972704
665,0.14036132499999354,-96.4,129.3,19.798147125630507
666,0.1405416149999965,-86.3,120.22,20.096289621772335
667,0.14074140599999652,-38.0,92.46,21.02408661685727
668,0.14095328199999813,-151.98,178.36,20.949800069963523
669,0.14127985699999357,-29.94,77.96,18.322897984951066
670,0.14138695199999773,-20.34,49.88,18.102123058990923
671,0.14154076099999457,-11.84,43.98,19.06566845088083
672,0.14165406299999717,3.66,27.34,14.745954125817306
673,0.14179029199999604,-14.58,49.24,14.583497436360194
674,0.141882853999995,6.06,29.78,18.13418197834761
675,0.1419671539999925,-18.04,45.72,18.38959571509218
676,0.14205987799999065,11.54,31.82,22.57789436709551
677,0.14212468699999192,-1.42,29.44,21.462886992475386
678,0.14221129899998886,9.74,31.44,23.254738638969826
679,0.14229202099998872,-9.3,40.72,23.19450474500594
680,0.1423676909999898,-65.42,100.62,24.503930935101206
681,0.14283564999998788,-230.78,138.78,25.705842119057934
682,0.14306546899999262,-169.44,169.92,27.774999593639826
683,0.14331042399999916,-155.24,181.56,28.318654957269587
684,0.1437530979999977,-189.64,194.8,25.703168539119154
685,0.14401167499999445,-194.54,194.78,26.344311091815634
686,0.14451684299999812,-114.88,147.04,27.5630695664092
687,0.14476386599999813,-136.54,162.24,28.51001072283113
688,0.14484199799999686,-74.44,119.16,27.523739382225223
689,0.1450748070000003,-81.42,113.58,29.96674540183927
690,0.1455189519999962,-48.74,93.46,27.905176042555944
691,0.14562452599999176,7.08,49.2,25.595127943965597
692,0.14574656799999275,-398.88,126.98,26.37172782468977
693,0.1458473889999894,-9.2,70.9,26.72860320242783
694,0.1459371769999862,30.7,29.26,25.19144892232503
695,0.14631847199999015,-132.72,163.62,25.47527739658229
696,0.14653668799999053,-118.26,155.86,22.66439643356464
697,0.1467785409999891,-12.14,100.38,23.778419985192365
698,0.14701642899999,-112.78,160.66,24.296888366094663
699,0.14722590299999183,-160.08,181.38,22.627031893002403
700,0.14744128299999204,-164.2,186.54,23.233748463634537
701,0.14764798399998824,-171.54,179.9,23.679798998295976
702,0.14787613399998634,-30.36,91.2,23.441391173547277
703,0.14801482499998286,-110.38,152.34,24.38465223583854
704,0.1483608289999836,-137.06,170.98,25.93851079626783
705,0.14851968399998583,-179.12,184.38,29.21603093465468
706,0.14874106899998196,-182.14,188.28,26.095527471008033
707,0.1489235279999832,-135.88,163.8,29.31144273702704
708,0.14912760799998637,5.66,88.34,28.93884487227167
709,0.14928255299998483,-34.28,115.0,29.106352115046576
710,0.1499273449999805,-130.68,154.38,29.625877247256124
711,0.15063872599998263,-168.1,185.64,29.510574883494183
712,0.15109316699998487,-166.54,184.3,30.3357126523352
713,0.15152356699998393,-185.52,193.94,33.5434735818368
714,0.15175249799998625,-71.06,143.54,33.25856802202633
715,0.1519055699999896,-149.22,183.3,29.114022735688184
716,0.15218255599999253,-102.82,150.32,34.770340204780254
717,0.15239203299999105,-153.48,178.7,30.285571177534354
718,0.15280590399999028,-29.72,111.88,28.07836430251091
719,0.1529429879999853,-48.28,120.78,26.70005387873955
720,0.1530338219999905,-5.36,94.18,25.687997771895333
721,0.1533674069999904,-177.84,188.74,31.939411878020813
722,0.15367114899999024,-90.04,147.8,30.10831475670338
723,0.1539078669999867,-14.96,106.34,25.333402220365116
724,0.15398439299998756,-31.68,117.82,26.37806513916035
725,0.15414765299998834,-55.9,132.26,27.54613171106803
726,0.15436582599998872,23.12,72.54,22.43439345762514
727,0.15443622399998702,-4.58,96.88,23.124145000857226
728,0.15459269799998765,-425.7,120.86,23.362828546620115
729,0.15475766299999094,-27.74,112.32,23.5664194252286
730,0.15488818299998997,6.24,84.8,23.976711913785508
731,0.1550499269999932,29.32,47.46,16.630845176905922
732,0.15512197299999997,31.68,35.52,16.02054557691476
733,0.1552376360000025,-6.48,67.32,15.214039503205905
734,0.15539871700000418,-22.72,81.84,14.329382853419219
735,0.15555615700000658,-25.5,104.42,14.123568399971585
736,0.15596434400000447,-8.8,95.96,13.927583181849538
737,0.15624175600000711,-48.08,79.32,12.777863835247583
738,0.15692405400000808,-215.76,194.16,12.917408813068656
739,0.15705371000001378,-167.84,164.48,12.95092740354871
740,0.15718058700001336,-198.62,199.14,13.947573725344203
741,0.15791347200001127,-152.84,163.96,17.94413857806248
742,0.15865032500001064,-204.8,200.0,21.5052189799605
743,0.1589597600000161,-215.3,197.74,22.038864091157166
744,0.15953565000001646,-197.1,194.26,24.08366270587332
745,0.15977806100001857,-138.32,115.2,26.35943942281954
746,0.15999987500001822,-22.72,88.16,29.901218699980063
747,0.16007607000001656,-48.34,75.04,31.81686000886877
748,0.1601337080000178,-66.42,89.7,30.924746402603763
749,0.16024947300002168,-82.22,107.32,34.42243109670011
750,0.16036564500002015,-432.58,196.48,33.18464664841194
751,0.1610638010000187,-193.2,197.38,31.055827289137188
752,0.16148453600001744,-202.64,193.74,34.427552124100856
753,0.16242863500001903,-197.46,195.54,38.239922292133585
754,0.16276949100002014,-311.22,149.7,42.26965153040057
755,0.16334263800001736,-28.14,106.76,41.315872478718255
756,0.16356790600001858,-200.78,198.3,46.60142965348131
757,0.16391946500001353,-194.96,192.14,52.04135511646738
758,0.16486909700001462,-201.72,199.6,57.3532427317567
759,0.16523831700001068,-246.4,194.8,62.068930524723136
760,0.1656844000000106,-113.28,141.14,69.72318069240171
761,0.16579660500001125,-178.62,187.82,70.16249289243049
762,0.16650639600000972,-17.18,73.98,68.06344236665663
763,0.1665928690000129,23.86,38.74,64.86651986382573
764,0.16679719400001147,9.28,51.56,62.98101139192173
765,0.16689941100000993,-75.68,145.66,61.86752393575451
766,0.16713503400000462,-104.06,146.28,53.59378858177894
767,0.16734050600000216,-51.0,118.24,47.161345705966156
768,0.1676466870000084,-169.54,170.06,44.502731206377135
769,0.16776524500001244,8.16,56.44,37.585225821479014
770,0.16783594500001442,37.32,28.72,31.58481573365213
771,0.1679692270000146,34.38,28.18,31.946557880693103
772,0.16803892200001513,20.74,41.24,26.653989958019487
773,0.16812898800001363,36.16,27.56,27.598587389437302
774,0.16833903700000974,-162.42,179.14,26.781195826495452
775,0.16849811900000589,-144.02,172.24,27.39722249676915
776,0.16872724500000658,-85.86,129.96,28.643954920190616
777,0.1690936330000028,-196.64,181.98,30.166691379053326
778,0.1692590910000007,-223.36,186.2,29.74753714840951
779,0.16982858300000458,0.22,94.48,30.338317310899235
780,0.16996895900000197,-144.52,171.3,30.89668971982614
781,0.1704862810000023,-140.58,177.54,35.999491573468084
782,0.1707520200000019,-189.1,193.3,36.979623274202325
783,0.17146279700000377,-202.14,200.0,37.65740792291428
784,0.17215935000000115,-199.78,197.14,35.60372501100731
785,0.17256067699999988,-161.92,171.04,35.57596786488963
786,0.17326791499999672,-199.82,196.44,33.89704788234506
787,0.17350530499999905,-30.34,83.1,37.25879057362083
788,0.1742209220000035,-175.68,184.16,39.41224038707278
789,0.17464282900000683,-161.38,173.48,39.095355749260605
790,0.17473587000000634,-162.16,174.38,39.33934193555076
791,0.17500805200000968,-40.44,82.24,34.021971402233405
792,0.17512413000000748,-10.1,68.24,35.09654802457527
793,0.17520621000000602,-3.38,47.64,36.38393619851098
794,0.17528871200000395,-62.28,92.88,34.115708730253324
795,0.17539268600000213,-9.3,43.34,34.55573061725634
796,0.17608069500000312,-192.08,181.52,40.80823141275404
797,0.17677311500000314,-393.64,180.44,43.31928265553239
798,0.176966622000009,-138.68,156.48,40.503729802793
799,0.17767185200001023,-165.96,179.62,40.67752314410699
800,0.17829941700001228,-177.12,184.14,40.53226453169189
801,0.17839970000001415,-56.18,101.74,44.962337388129434
802,0.1784900800000102,-45.26,95.2,42.447329038387
803,0.17872667800000386,-118.12,148.12,42.78673450766621
804,0.17884198200000156,-136.08,149.02,42.85698807598338
805,0.17892706899999666,4.64,53.86,40.178403042027504
806,0.17901455799999155,-6.32,65.4,35.50521335971786
807,0.17910865199998938,13.78,43.56,27.104057039600463
808,0.17916221099998353,26.64,31.58,24.96868681482642
809,0.1792534109999835,-15.94,76.78,24.97185890543924
810,0.17942048899998753,16.2,52.16,29.18114847009131
811,0.17953792599998764,-36.22,95.9,22.79737731651602
812,0.17965493499998786,33.38,26.28,22.772947935533832
813,0.17971475399998837,16.9,43.92,18.459212600613505
814,0.17981329399998458,-128.58,144.98,18.343504652470884
815,0.18009786199998246,-23.34,85.62,20.79720996860712
816,0.18019551099997955,-96.78,139.44,19.349929031908367
817,0.18039362399997572,-109.64,100.92,21.457962574459497
818,0.18053588999998027,-0.96,62.94,23.312645416269014
819,0.1806454259999839,33.68,25.4,23.095605510280976
820,0.1807158579999779,27.96,27.64,16.48381726421784
821,0.18078859999997832,23.7,42.34,18.355841808387897
822,0.18087558799997794,-33.6,90.98,20.44377602671355
823,0.1809780249999804,-231.8,194.2,22.449842810446775
824,0.18111110199998137,-102.72,142.18,26.69488754845106
825,0.18122593599998282,-27.18,89.46,26.442961311114498
826,0.1813620239999807,35.1,28.04,30.369383408443507
827,0.18143657599998164,-38.48,60.74,28.168032615509514
828,0.18160207699998665,-130.78,143.42,28.416759912305622
829,0.18169729099998477,5.94,56.04,26.57273101846557
830,0.18176321599998602,35.74,25.66,26.681200620783727
831,0.18182547699998963,8.14,56.74,24.3235638891301
832,0.18192162799999068,39.44,26.02,22.00600639602253
833,0.1819838619999885,27.92,38.7,22.34974192109021
834,0.18207676099999048,10.2,51.2,19.71772616798963
835,0.18216235799999225,-432.24,83.3,19.633059066621975
836,0.18229132499998713,-229.4,186.26,17.155645973223166
837,0.18239647499999023,-57.86,97.96,18.370824506792324
838,0.18280282699998907,-173.5,161.52,18.68131925625177
839,0.18292645199998958,-96.8,107.52,24.556696910702936
840,0.18304132399998707,21.84,43.04,24.59052500136238
841,0.1830984319999871,32.4,29.88,26.91210334434219
842,0.18315879299998983,25.2,36.5,28.081573391138512
843,0.1832456939999858,3.56,55.54,25.56491173395269
844,0.18332161499998278,14.16,49.74,25.847122868784464
845,0.18339840399998764,-183.46,168.02,23.89660838591011
846,0.18363930999998956,-5.3,69.02,23.131506456762946
847,0.1837431419999902,-588.5,137.28,26.042900008256982
848,0.18385934799999148,-101.62,115.8,26.6456679508341
849,0.18393395499999343,-31.84,48.0,22.59946563191233
850,0.18404374799999346,30.42,28.66,23.053505661611098
851,0.18410651399999267,32.8,26.28,21.011688998369177
852,0.1841766739999926,28.5,30.3,20.197781823428112
853,0.18428591799998628,10.84,50.0,23.749753276316362
854,0.18442916599998682,-19.28,74.9,21.669722056948423
855,0.18478148599998434,9.14,47.64,24.016821622482144
856,0.18488954899999044,-149.9,155.32,22.789002177870554
857,0.1850414549999897,39.02,25.86,18.846564286137244
858,0.18510951099999318,39.28,25.02,18.28339860671909
859,0.1852002289999959,19.3,39.78,20.796302316868385
860,0.1856654469999981,-126.76,146.36,22.854581885508246
861,0.18588589999999527,-51.34,100.08,26.06083485523302
862,0.18615182699999622,-24.62,65.0,27.27411242697526
863,0.1862852499999974,-135.0,156.16,26.819603880699425
864,0.18650671399999652,-26.08,79.38,27.051816503242172
865,0.18661817999999641,-150.84,157.4,24.478633780408767
866,0.1867133379999899,7.18,58.28,24.164039748836437
867,0.18678189699998882,40.14,25.32,26.048172932203027
868,0.1868643419999927,38.72,25.0,25.546096565817663
869,0.1869787709999926,-339.5,84.8,26.40378767395881
870,0.18705498199999226,-14.22,71.3,27.31382748666821
871,0.1871449999999939,38.6,28.02,23.72853288284913
872,0.18721472299999675,-2.6,63.14,24.00344879104887
873,0.18741266499999654,-0.18,62.74,28.58157610502618
874,0.18750205899999628,19.18,42.8,28.74657094726456
875,0.18756577899999627,21.54,42.76,31.83477342216137
876,0.18763030399999536,-29.72,55.74,34.26358159035162
877,0.1877126440000012,-154.46,162.48,37.460648439413944
878,0.1878089280000026,-17.36,42.8,38.28914450406214
879,0.1879392150000072,-81.24,107.86,32.84519730991014
880,0.18805896600001404,-7.5,71.22,32.91126950471163
881,0.18833781800001503,-56.06,104.82,35.166676384694355
882,0.18842534100001274,-0.1,57.8,37.47299767285767
883,0.18848380700001144,-457.72,79.78,32.141954288461335
884,0.18898154100001108,-118.4,124.72,36.972296908234284
885,0.18915099600000929,-178.84,162.78,35.33059913857555
886,0.18949873100000758,15.4,46.0,37.14990544990091
887,0.18959370100000683,33.02,29.54,34.25506195277095
888,0.18967940000000283,-409.26,44.94,36.98565429426479
889,0.18973330100000396,33.72,31.74,39.06642457042266
890,0.18986328500000127,-163.06,150.76,35.35413405190324
891,0.18999845500000134,37.12,26.02,35.46597850221038
892,0.19008805200000012,13.22,45.26,34.9485343783919
893,0.19026614599999903,-32.62,58.54,35.34443345976724
894,0.19042230200000176,13.68,40.18,34.500851787252536
895,0.1904975880000066,31.34,26.62,37.23058293964457
896,0.19055750100000068,33.62,26.84,33.04382939360042
897,0.19062252100000165,35.3,25.34,33.13093579011961
898,0.1906829959999996,-0.98,47.1,31.745221025043314
899,0.1908346089999995,15.12,41.1,31.795701664397722
900,0.19090888899999925,19.74,39.38,31.605879053809485
901,0.1909722039999977,2.3,48.1,29.218254704681975
902,0.19106373399999654,22.54,35.7,28.61220637449723
903,0.19114949099999734,-42.78,73.78,28.208424091585197
904,0.19123934199999582,-193.76,194.74,25.74267520288721
905,0.191470031999998,-132.54,153.68,24.049487164341933
906,0.19190029900000383,-146.1,158.08,27.26259419231897
907,0.19213146500000278,-83.12,106.78,26.208523564922338
908,0.19222969500000175,26.48,35.44,22.41281359348847
909,0.19291861699999657,-3.5,59.44,22.476873199042462
910,0.19297752199999252,-10.64,66.72,25.62650307757683
911,0.19303336999998777,13.86,46.38,26.53754675494691
912,0.1931878669999918,12.38,48.16,26.868964816742455
913,0.19324541399999617,5.06,55.76,29.04189446424118
914,0.19332403499999629,-1.32,59.24,30.128538502957195
915,0.19345622999999534,-16.82,70.7,29.97611154025816
916,0.1935334719999986,-9.62,72.94,27.001935674281405
917,0.19360090999999358,28.52,28.68,27.79457582130508
918,0.1936639269999958,38.46,25.26,28.60307534585552
919,0.19371477099999623,-9.94,69.9,26.639078639793844
920,0.19380874799999503,12.94,44.98,25.63094772658395
921,0.1939599199999975,36.42,24.98,25.61034861797293
922,0.19400835199999733,18.78,43.78,23.609659862238534
923,0.1940785009999999,-37.8,92.28,21.531943641933793
924,0.1941998670000018,-12.58,71.3,21.960009192378248
925,0.1942811770000077,20.56,40.84,19.824365283134153
926,0.19443639100001064,-107.66,132.42,23.80664073496078
927,0.19451462000000674,-131.7,109.66,22.966314358352555
928,0.1946310300000107,13.1,43.44,22.549043657177513
929,0.19472226000001314,16.92,41.0,24.49657322481433
930,0.19488709100001245,-94.5,133.88,23.660412663606728
931,0.1949807330000155,20.9,42.24,23.459118525370023
932,0.19503741100001548,0.08,62.78,23.105326677342113
933,0.1951616150000106,18.12,44.26,23.46046363459437
934,0.19526050700001463,-47.04,85.74,20.818578835595126
935,0.19532205300001948,-19.48,82.92,23.06986727518893
936,0.1953879310000204,-91.42,98.1,21.403425877069246
937,0.19547493500002133,-166.38,159.36,21.95607178937427
938,0.19554772000002174,42.04,26.9,21.408425964375915
939,0.19562123600002224,-13.56,74.96,19.801289154132032
940,0.19571468900002031,-166.14,164.04,18.721376303794557
941,0.19578037200001575,-134.2,148.86,20.460353791906748
942,0.19591270300001895,-675.64,149.6,24.895944846693215
943,0.19601671700002044,4.34,58.8,25.09381934814282
944,0.1962668200000266,-218.9,65.92,26.7787389852978
945,0.1964185040000217,-67.14,108.78,30.316209489803736
946,0.19655081600002688,14.74,46.48,30.637814678475802
947,0.19661230800002727,34.32,26.5,31.875218026674737
948,0.1966879520000262,30.86,27.06,33.01567800503457
949,0.1967578850000251,32.66,26.42,36.49160933189123
950,0.1968480420000276,36.98,27.9,38.96637831519209
951,0.19693807400003038,-20.52,80.4,39.85482334136565
952,0.19702682500003021,-199.48,170.98,37.32952334887269
953,0.19734654100003013,-63.18,91.12,40.237934667608464
954,0.19743559300003,-171.62,177.66,39.82779507854794
955,0.19756220700002558,-37.3,69.08,35.90977372151205
956,0.19771682800002566,-20.6,53.38,37.11887198942238
957,0.19779785700002606,-53.84,75.38,36.34750369567562
958,0.19788854800002298,-26.4,51.4,39.33958282879068
959,0.19820041000002675,-93.66,106.92,36.94385615529316
960,0.19829523500002466,15.34,37.18,35.97142969236397
961,0.19848322800002194,-390.86,169.58,40.09177568426259
962,0.19928211600002044,-182.2,186.7,39.616631813171125
963,0.19963749100001849,-193.52,193.04,35.38646032125653
964,0.1997735740000195,-191.28,186.1,34.996363377123
965,0.19986156100002006,-62.88,102.98,35.688209657876484
966,0.20032849500002214,-164.4,176.62,33.591629884552304
967,0.2004057000000259,-80.1,112.74,34.45438191332734
968,0.20049898500002428,16.92,45.08,33.62079360222826
969,0.20062592200002882,36.84,26.88,32.57009893427751
970,0.200711972000029,22.98,40.74,30.598993561355655
971,0.20076690700003041,35.14,26.26,23.401852149862655
972,0.200878400000029,-134.56,152.68,23.411513516124806
973,0.20100624100003017,-0.98,64.7,22.03809948585532
974,0.20116137400002998,22.38,40.18,23.32355528918275
975,0.2012686450000274,-12.26,43.5,20.937384182471664
976,0.20138066400002685,-195.08,170.7,22.534551059822288
977,0.20193404200002618,-1.2,54.9,22.148856044838602
978,0.20202288000002255,-29.34,93.36,21.070908033707802
979,0.20211131100002433,1.54,62.76,22.98401262422475
980,0.20219506100002604,11.72,47.36,24.20545572335206
981,0.2022919960000209,22.92,38.48,28.760085515733607
982,0.20235488200002294,39.7,26.34,29.164450034309947
983,0.20247547200001748,30.02,40.08,32.61789388431093
984,0.2029696590000185,-21.86,83.28,32.24732042319574
985,0.20302767400001898,-43.04,100.7,36.91136464081745
986,0.20327973700001678,-13.74,80.94,35.85172988142189
987,0.2033905950000161,0.42,65.04,33.189177686480335
988,0.20347486900001854,-15.56,70.88,36.20995885582144
989,0.20368605600001644,-12.3,76.6,37.63983111841599
990,0.20383271000001457,-69.36,112.94,36.793984170323085
991,0.20390068700001507,-7.82,61.68,34.67767683282279
992,0.20401054700000998,0.18,63.54,34.40876338081634
993,0.20422909700001668,34.1,26.14,33.545219702240345
994,0.20431214100001682,35.22,27.92,34.10532777064843
995,0.20440136100001638,8.66,54.48,29.07596473891519
996,0.20446622800001535,6.36,58.52,26.410761562172592
997,0.20453510400001562,36.32,25.66,28.545968638417804
998,0.20463593300002003,-37.08,66.0,25.795739689600044
999,0.2047266040000224,15.36,44.88,21.80764160852136
1000,0.20496066100002253,-228.62,192.12,23.84585439990688
