,x,y,target
0,43.31793212890625,3.515371322631836,1.0
1,-28.161396026611328,0.13674220442771912,1.0
2,32.34535217285156,15.779165267944336,2.0
3,-34.71136474609375,4.34337043762207,1.0
4,-20.539445877075195,-26.560020446777344,0.0
5,-5.0310869216918945,-7.829944610595703,1.0
6,-35.66214370727539,-43.333438873291016,1.0
7,10.848699569702148,-33.58156967163086,1.0
8,17.25794792175293,-15.155653953552246,1.0
9,-32.78590774536133,6.509206771850586,0.0
10,7.011682987213135,40.855655670166016,1.0
11,45.00177764892578,11.081672668457031,2.0
12,6.0292253494262695,-11.755495071411133,1.0
13,-0.03349323570728302,-9.618281364440918,2.0
14,3.099027156829834,31.218629837036133,1.0
15,5.747418403625488,-31.469181060791016,1.0
16,20.85216522216797,-16.198657989501953,1.0
17,-9.103378295898438,15.044167518615723,1.0
18,7.413815975189209,40.27246856689453,1.0
19,-4.705560207366943,36.70964813232422,1.0
20,-74.49002075195312,13.796897888183594,1.0
21,6.587550640106201,-15.014250755310059,2.0
22,-39.72382736206055,-41.59084701538086,2.0
23,-11.000693321228027,16.278032302856445,0.0
24,3.317723512649536,28.833106994628906,1.0
25,9.63706111907959,37.38422393798828,1.0
26,-30.995716094970703,-46.15670394897461,1.0
27,26.692523956298828,-13.569611549377441,3.0
28,-34.73278045654297,-4.8921380043029785,1.0
29,2.47584867477417,-12.357029914855957,3.0
30,27.437551498413086,12.85440444946289,1.0
31,-66.71512603759766,18.681549072265625,0.0
32,10.14297866821289,39.25727081298828,1.0
33,-32.60087203979492,4.5255303382873535,2.0
34,-27.881982803344727,-51.367618560791016,2.0
35,-25.9352970123291,-38.33876419067383,1.0
36,-26.833187103271484,-40.41958236694336,1.0
37,10.958579063415527,41.721012115478516,2.0
38,-18.887489318847656,-24.719120025634766,1.0
39,5.64017391204834,-32.36885452270508,2.0
40,20.929855346679688,-14.747612953186035,2.0
41,-31.888399124145508,-36.38601303100586,1.0
42,-5.841865062713623,28.882240295410156,1.0
43,2.635775327682495,29.539772033691406,1.0
44,19.40927505493164,-14.051260948181152,1.0
45,4.687621593475342,-15.499588966369629,2.0
46,-31.45187759399414,-42.16393280029297,1.0
47,-31.267662048339844,-33.06425857543945,1.0
48,-11.850149154663086,15.768075942993164,1.0
49,-59.7253532409668,18.208730697631836,0.0
50,-13.984435081481934,30.367568969726562,1.0
51,-59.87108612060547,15.737476348876953,0.0
52,-26.15669822692871,-39.29936218261719,1.0
53,27.730201721191406,-16.548046112060547,3.0
54,-34.88071823120117,4.391071319580078,1.0
55,4.669076919555664,40.56910705566406,0.0
56,27.141948699951172,-12.56445026397705,1.0
57,3.974513292312622,-39.33767318725586,2.0
58,7.696021556854248,38.535579681396484,1.0
59,26.35125732421875,-17.088634490966797,4.0
60,40.967655181884766,10.0455904006958,2.0
61,-4.6191205978393555,-7.735844135284424,1.0
62,-30.344430923461914,-29.65997314453125,1.0
63,-30.046972274780273,-44.264469146728516,1.0
64,-0.5557928681373596,-30.902462005615234,1.0
65,-1.1564098596572876,31.788171768188477,1.0
66,-16.899642944335938,34.21931838989258,1.0
67,0.1551978439092636,-34.70271301269531,1.0
68,12.16380786895752,37.71034622192383,1.0
69,-29.19142723083496,-43.55622863769531,2.0
70,-29.97134017944336,-43.02653121948242,2.0
71,27.14071273803711,-12.563360214233398,1.0
72,-34.47438430786133,-43.119606018066406,1.0
73,-26.265092849731445,-35.756195068359375,1.0
74,-9.775349617004395,13.401926040649414,1.0
75,28.439525604248047,-15.857014656066895,2.0
76,4.647334098815918,-39.429786682128906,1.0
77,27.754480361938477,13.28127670288086,1.0
78,5.9238457679748535,-32.555511474609375,2.0
79,-27.324039459228516,-40.90554428100586,1.0
80,-34.2955436706543,5.017533779144287,1.0
81,-15.866643905639648,31.586820602416992,1.0
82,-18.85563087463379,-25.041959762573242,1.0
83,8.873981475830078,37.717552185058594,1.0
84,21.713430404663086,-15.110908508300781,2.0
85,45.07097625732422,8.61660099029541,2.0
86,6.9945597648620605,-33.66764831542969,2.0
87,-32.195045471191406,-42.7904167175293,1.0
88,5.760788917541504,37.45119094848633,1.0
89,2.4457790851593018,-11.220368385314941,1.0
90,-14.874576568603516,34.74103927612305,1.0
91,-34.52499008178711,6.582566738128662,1.0
92,27.50699806213379,-17.5832462310791,2.0
93,-30.353452682495117,-42.94036102294922,1.0
94,-22.629262924194336,-32.6750373840332,1.0
95,-4.585794925689697,12.479486465454102,1.0
96,-9.847994804382324,32.392356872558594,0.0
97,4.981603622436523,-40.70418167114258,1.0
98,44.90964889526367,13.583417892456055,1.0
99,-72.91522216796875,15.318767547607422,0.0
100,45.887123107910156,11.035799980163574,3.0
101,-14.282435417175293,31.348037719726562,1.0
102,0.743012011051178,30.1903133392334,1.0
103,-1.7574090957641602,-28.43525505065918,1.0
104,-4.588613510131836,29.63720703125,1.0
105,2.4278135299682617,29.535484313964844,1.0
106,3.2354660034179688,-36.59431457519531,1.0
107,1.9676648378372192,29.357070922851562,1.0
108,41.40726852416992,7.891164779663086,3.0
109,-26.642322540283203,-40.2138557434082,1.0
110,-13.177935600280762,16.38735008239746,1.0
111,-8.19922161102295,32.42168045043945,0.0
112,-3.0633161067962646,32.732818603515625,0.0
113,-6.941989421844482,36.156227111816406,1.0
114,-0.38157758116722107,-33.532779693603516,1.0
115,26.97480583190918,-15.451175689697266,3.0
116,-0.08482038229703903,37.24949645996094,2.0
117,12.031595230102539,39.05175018310547,1.0
118,39.37959289550781,11.045746803283691,4.0
119,-14.81240463256836,25.807228088378906,1.0
120,5.024682521820068,-16.591705322265625,1.0
121,1.1668062210083008,-29.230722427368164,1.0
122,-35.86186981201172,8.729796409606934,1.0
123,-5.276029109954834,29.459348678588867,1.0
124,16.055442810058594,-14.601834297180176,1.0
125,6.684439659118652,39.97783279418945,1.0
126,-8.978846549987793,14.745024681091309,1.0
127,11.283592224121094,35.890987396240234,1.0
128,25.81147003173828,-12.689746856689453,1.0
129,0.5054514408111572,31.92424964904785,0.0
130,8.011411666870117,39.34185791015625,1.0
131,-9.580488204956055,31.894481658935547,1.0
132,-4.5075459480285645,12.037949562072754,2.0
133,26.908832550048828,-15.900877952575684,2.0
134,-2.5807647705078125,30.808835983276367,1.0
135,22.370859146118164,27.695241928100586,1.0
136,5.3675689697265625,-37.45330047607422,1.0
137,1.9067374467849731,-28.067398071289062,1.0
138,-5.746401309967041,29.92137336730957,1.0
139,1.3762139081954956,-11.564102172851562,2.0
140,-18.23689079284668,-24.804298400878906,1.0
141,2.9612438678741455,37.516849517822266,1.0
142,3.646963119506836,-14.815667152404785,1.0
143,-5.881922245025635,30.248065948486328,1.0
144,21.08360481262207,-14.384993553161621,2.0
145,42.77925491333008,12.507598876953125,2.0
146,33.36602020263672,13.81139850616455,2.0
147,3.362638473510742,39.84299087524414,1.0
148,26.258975982666016,-16.036861419677734,3.0
149,39.648109436035156,9.686990737915039,3.0
150,-0.741859495639801,-15.374006271362305,1.0
151,-0.6534563302993774,29.223892211914062,1.0
152,-27.440433502197266,-40.44700622558594,1.0
153,6.530902862548828,-36.92324447631836,2.0
154,1.2865031957626343,-12.064213752746582,1.0
155,5.395299911499023,13.30108642578125,1.0
156,-69.11982727050781,13.120523452758789,1.0
157,22.916027069091797,-13.531729698181152,2.0
158,10.483938217163086,-33.87391662597656,1.0
159,11.775164604187012,32.77289962768555,2.0
160,-2.1792807579040527,32.23575210571289,1.0
161,-64.7751235961914,19.319799423217773,0.0
162,7.340823173522949,36.07109832763672,1.0
163,4.6159586906433105,38.92125701904297,0.0
164,-9.01673698425293,15.735888481140137,0.0
165,-29.49254035949707,2.0206830501556396,1.0
166,-33.741668701171875,-0.4755398631095886,3.0
167,-61.61907958984375,12.288057327270508,0.0
168,-67.84687042236328,13.102909088134766,1.0
169,-4.945289134979248,-14.865479469299316,1.0
170,-18.89817237854004,-25.891191482543945,1.0
171,-1.8594255447387695,29.00940704345703,1.0
172,31.964391708374023,18.312063217163086,2.0
173,-35.68510818481445,8.987138748168945,1.0
174,7.919669151306152,37.65412139892578,1.0
175,-0.484920471906662,-29.78118896484375,1.0
176,10.73488998413086,35.93439865112305,1.0
177,44.85567855834961,11.930347442626953,2.0
178,3.252784252166748,30.926923751831055,1.0
179,-68.88577270507812,20.44722557067871,0.0
180,6.627980709075928,40.51416015625,1.0
181,-28.92140007019043,-14.133258819580078,2.0
182,8.266214370727539,-37.500370025634766,4.0
183,3.3104794025421143,-12.53150463104248,2.0
184,-30.461307525634766,-5.3099470138549805,1.0
185,28.713138580322266,-16.341529846191406,3.0
186,9.379132270812988,32.879234313964844,1.0
187,2.0106353759765625,30.3177433013916,1.0
188,-30.874481201171875,-46.3709716796875,2.0
189,10.232169151306152,30.922945022583008,1.0
190,42.25410079956055,6.59585428237915,2.0
191,25.88857078552246,-14.521004676818848,3.0
192,26.7119197845459,-12.57958698272705,2.0
193,5.027796268463135,-39.59815216064453,1.0
194,23.297622680664062,-15.312349319458008,2.0
195,-28.480287551879883,-49.56302261352539,3.0
196,-32.548038482666016,3.0886197090148926,1.0
197,-3.116486072540283,32.749855041503906,1.0
198,40.98188018798828,4.691516399383545,1.0
199,-26.781818389892578,-32.887393951416016,0.0
200,-3.346137285232544,29.37973976135254,1.0
201,3.8126020431518555,37.068023681640625,1.0
202,42.4432487487793,12.960537910461426,2.0
203,-68.35350036621094,18.04235076904297,0.0
204,-60.36566925048828,18.27228355407715,0.0
205,33.02880859375,16.086288452148438,2.0
206,-34.602882385253906,6.382145881652832,1.0
207,27.45256996154785,-16.73874855041504,3.0
208,42.994834899902344,4.809529781341553,2.0
209,-36.026634216308594,-6.400238037109375,1.0
210,-28.10448455810547,-1.3632725477218628,1.0
211,6.0735602378845215,-41.304447174072266,2.0
212,21.84324836730957,-14.58825969696045,2.0
213,40.55049514770508,6.6143341064453125,2.0
214,-33.75434875488281,-3.5644938945770264,1.0
215,-10.713631629943848,13.815825462341309,1.0
216,-68.89924621582031,16.047544479370117,1.0
217,-10.883773803710938,15.992642402648926,1.0
218,3.6430325508117676,-26.034852981567383,1.0
219,-32.74397277832031,7.415201187133789,1.0
220,-28.403888702392578,0.217509925365448,2.0
221,-72.97817993164062,14.265923500061035,0.0
222,8.234620094299316,35.65888595581055,0.0
223,39.203453063964844,11.014912605285645,3.0
224,-3.9954819679260254,29.633487701416016,1.0
225,-65.83221435546875,19.566959381103516,0.0
226,9.752449035644531,33.09938049316406,1.0
227,-0.8706797957420349,-28.834095001220703,1.0
228,33.19899368286133,17.599288940429688,2.0
229,-14.841856002807617,32.12508773803711,2.0
230,-27.029325485229492,-41.0736198425293,1.0
231,44.7839469909668,9.794576644897461,4.0
232,-28.439085006713867,-1.3981338739395142,1.0
233,-9.692451477050781,-22.26764488220215,1.0
234,-13.647106170654297,31.825796127319336,1.0
235,-33.609798431396484,7.905118942260742,1.0
236,12.008428573608398,37.20831298828125,0.0
237,44.68198013305664,11.020024299621582,2.0
238,-24.655548095703125,-38.51155471801758,1.0
239,32.1471061706543,14.624465942382812,2.0
240,-1.849982738494873,11.54528522491455,1.0
241,10.78466796875,32.584373474121094,1.0
242,4.294694900512695,-38.02245330810547,1.0
243,6.84168815612793,-34.81509780883789,1.0
244,5.920193672180176,-11.988340377807617,1.0
245,-10.866556167602539,31.16129493713379,0.0
246,1.882557988166809,27.8100643157959,1.0
247,-34.96713638305664,3.6025328636169434,1.0
248,-8.1350736618042,32.695255279541016,0.0
249,-1.3369760513305664,-29.84156608581543,1.0
250,-30.208919525146484,6.157879829406738,0.0
251,-58.916683197021484,15.952042579650879,0.0
252,44.41706085205078,9.762120246887207,3.0
253,42.74307632446289,10.449206352233887,3.0
254,-0.18937739729881287,-27.533430099487305,1.0
255,32.19814682006836,13.833551406860352,1.0
256,-6.535534858703613,15.598074913024902,1.0
257,44.96826171875,13.960725784301758,1.0
258,25.132396697998047,-17.546674728393555,4.0
259,6.181182861328125,25.340381622314453,1.0
260,4.690186977386475,38.248783111572266,0.0
261,-39.556610107421875,-41.34415817260742,2.0
262,-30.87516975402832,-10.530500411987305,1.0
263,4.979599952697754,14.43022632598877,2.0
264,-68.41351318359375,19.709136962890625,0.0
265,3.6296141147613525,31.316240310668945,1.0
266,-4.466049671173096,-9.086257934570312,1.0
267,28.81745147705078,-14.393121719360352,1.0
268,4.170537948608398,-37.783050537109375,1.0
269,25.774518966674805,-17.38118553161621,2.0
270,12.652195930480957,37.29294204711914,1.0
271,-31.639789581298828,-41.93320846557617,1.0
272,42.04066848754883,10.822855949401855,2.0
273,-6.118283748626709,27.220190048217773,1.0
274,-65.8604736328125,18.657812118530273,1.0
275,-0.3116112947463989,-35.098201751708984,1.0
276,1.9999862909317017,-40.150291442871094,1.0
277,42.65987777709961,3.756187915802002,1.0
278,-11.587778091430664,16.01731300354004,1.0
279,46.736106872558594,14.692100524902344,1.0
280,4.476900100708008,37.33648681640625,1.0
281,7.871355056762695,-35.12298583984375,2.0
282,-67.70126342773438,18.881141662597656,0.0
283,5.3181633949279785,-37.16969680786133,1.0
284,-12.56118106842041,16.031829833984375,1.0
285,24.176742553710938,-15.869019508361816,2.0
286,44.22632598876953,10.215167999267578,3.0
287,41.72091293334961,3.7508697509765625,1.0
288,-19.9418888092041,-26.876358032226562,1.0
289,-7.615123271942139,16.586475372314453,1.0
290,23.314470291137695,-14.136722564697266,3.0
291,5.356723308563232,-37.10258483886719,2.0
292,12.064140319824219,-34.37466049194336,1.0
293,45.843040466308594,9.663346290588379,2.0
294,-13.246543884277344,31.106401443481445,1.0
295,-65.77961730957031,19.937702178955078,0.0
296,-35.20734786987305,5.11122465133667,1.0
297,11.436005592346191,-34.9919319152832,1.0
298,5.102311611175537,30.643665313720703,1.0
299,30.87552833557129,14.891453742980957,1.0
300,11.915923118591309,-34.940956115722656,2.0
301,31.30955696105957,13.387687683105469,2.0
302,-31.40094566345215,0.6615777015686035,1.0
303,10.79959487915039,41.57157516479492,1.0
304,17.758682250976562,-16.721805572509766,1.0
305,-19.80429458618164,-24.447553634643555,1.0
306,-66.54972839355469,18.605327606201172,0.0
307,-4.029903888702393,29.117767333984375,1.0
308,-34.813785552978516,-42.42147445678711,1.0
309,22.070310592651367,-15.262514114379883,2.0
310,-69.3756103515625,18.092424392700195,0.0
311,42.5610466003418,8.27490520477295,2.0
312,4.03093957901001,-11.834450721740723,2.0
313,-67.60113525390625,20.798078536987305,0.0
314,-30.635988235473633,-30.788951873779297,1.0
315,3.9249165058135986,-41.206512451171875,1.0
316,-22.382600784301758,-32.801002502441406,1.0
317,4.497625350952148,29.507015228271484,1.0
318,6.254879951477051,-41.08636474609375,1.0
319,40.83682632446289,5.753198146820068,2.0
320,9.692865371704102,-37.60126876831055,2.0
321,20.457483291625977,-15.644081115722656,1.0
322,-31.36754035949707,8.043560028076172,1.0
323,32.630767822265625,14.344904899597168,1.0
324,-15.978338241577148,32.30113983154297,1.0
325,-30.42685890197754,-30.09733009338379,1.0
326,-35.439208984375,3.590049982070923,1.0
327,3.6875946521759033,-26.02979850769043,1.0
328,18.995946884155273,36.70252990722656,2.0
329,-36.77049255371094,4.892917156219482,1.0
330,-0.38517698645591736,37.248409271240234,1.0
331,20.418750762939453,-16.76579475402832,1.0
332,17.261127471923828,-16.34051513671875,1.0
333,26.912599563598633,13.881548881530762,2.0
334,0.10529857873916626,-35.15370559692383,1.0
335,27.370193481445312,-18.292579650878906,2.0
336,-13.26247501373291,30.499189376831055,1.0
337,-29.58868980407715,-4.145345687866211,3.0
338,-26.91898536682129,-43.68214416503906,1.0
339,-30.296016693115234,-36.12456512451172,1.0
340,4.636535167694092,28.439977645874023,1.0
341,24.320850372314453,-14.44929313659668,3.0
342,-13.810454368591309,26.0302791595459,1.0
343,4.939268589019775,-37.104183197021484,1.0
344,-32.46434020996094,-42.62034606933594,1.0
345,4.963001728057861,-16.92554473876953,1.0
346,-67.96217346191406,18.737159729003906,1.0
347,-31.855253219604492,-36.13866424560547,1.0
348,-1.7552703619003296,36.48948669433594,1.0
349,-73.83731842041016,13.536698341369629,1.0
350,3.8586294651031494,-12.055207252502441,3.0
351,11.957812309265137,37.51405334472656,1.0
352,29.09798240661621,-17.475690841674805,2.0
353,2.618018627166748,-35.38005828857422,2.0
354,-6.983853340148926,16.447437286376953,1.0
355,6.991279602050781,36.4416389465332,1.0
356,-0.5092648267745972,28.735769271850586,1.0
357,-4.849987506866455,9.644598007202148,2.0
358,31.22340965270996,17.32082176208496,2.0
359,5.893411636352539,40.769222259521484,1.0
360,-68.21883392333984,14.605561256408691,1.0
361,1.7343578338623047,-26.647348403930664,1.0
362,24.19856834411621,-16.123672485351562,2.0
363,-26.65349006652832,-45.685951232910156,1.0
364,-1.2021065950393677,10.21998119354248,2.0
365,-29.07501792907715,-5.104384422302246,1.0
366,-31.159452438354492,-34.1526985168457,1.0
367,-68.3380126953125,15.864657402038574,0.0
368,-71.83619689941406,17.075538635253906,1.0
369,5.711461544036865,-39.54928207397461,1.0
370,2.1384530067443848,-25.30738639831543,1.0
371,-28.199464797973633,-5.06747579574585,2.0
372,-4.59242582321167,28.006881713867188,1.0
373,42.92649459838867,7.919686317443848,1.0
374,40.53432083129883,8.434931755065918,2.0
375,6.263845443725586,-34.335411071777344,2.0
376,-1.8413177728652954,28.75221824645996,1.0
377,28.771459579467773,-17.952096939086914,2.0
378,40.66986083984375,5.334176540374756,2.0
379,9.198326110839844,32.52907180786133,1.0
380,5.949535846710205,32.99784469604492,1.0
381,-36.54493713378906,7.545609951019287,1.0
382,-27.670154571533203,-48.019657135009766,3.0
383,-1.4998670816421509,37.10319137573242,0.0
384,40.743980407714844,9.16119384765625,2.0
385,-70.33265686035156,17.703937530517578,0.0
386,-26.540597915649414,-32.328285217285156,0.0
387,5.061435699462891,29.040367126464844,1.0
388,-29.039417266845703,5.8843674659729,0.0
389,28.931673049926758,-17.357433319091797,3.0
390,4.999786376953125,27.335254669189453,1.0
391,42.04103469848633,5.647767066955566,2.0
392,-12.623212814331055,26.252979278564453,1.0
393,-27.791990280151367,-9.073348999023438,1.0
394,-12.273128509521484,35.28388595581055,1.0
395,-70.90977478027344,20.528345108032227,0.0
396,-36.161415100097656,-42.79813003540039,1.0
397,32.72283172607422,15.102336883544922,2.0
398,8.7059907913208,-34.35746765136719,1.0
399,11.155577659606934,34.70744323730469,1.0
400,5.790929317474365,-16.045255661010742,1.0
401,-71.45248413085938,19.482023239135742,1.0
402,6.6605682373046875,-38.74422073364258,1.0
403,19.275897979736328,23.445701599121094,1.0
404,-31.152650833129883,-35.898704528808594,1.0
405,-35.25257873535156,9.49828052520752,1.0
406,-33.84601974487305,1.25363290309906,1.0
407,9.85597038269043,36.03483200073242,1.0
408,-29.25049591064453,-46.616600036621094,2.0
409,-3.7914700508117676,31.542570114135742,0.0
410,5.390990734100342,36.22152328491211,1.0
411,-70.75071716308594,13.567480087280273,1.0
412,24.679962158203125,12.271261215209961,2.0
413,-33.213218688964844,7.894966125488281,1.0
414,-18.366065979003906,-22.311634063720703,1.0
415,30.969844818115234,17.503955841064453,1.0
416,-25.80320167541504,-40.26300811767578,1.0
417,3.3542306423187256,-21.13038444519043,1.0
418,7.652829647064209,35.30886459350586,1.0
419,-6.413297176361084,16.620363235473633,1.0
420,44.1949462890625,9.541600227355957,3.0
421,4.351405143737793,-18.994243621826172,1.0
422,-26.057403564453125,-32.05900955200195,0.0
423,-29.6367244720459,-47.53893280029297,1.0
424,-20.856355667114258,-33.382869720458984,1.0
425,38.89479064941406,11.404141426086426,3.0
426,31.297496795654297,16.69618797302246,2.0
427,2.157665729522705,-13.407783508300781,1.0
428,-67.59441375732422,19.433937072753906,0.0
429,-8.412832260131836,25.6948299407959,1.0
430,-25.93610191345215,-40.96692657470703,1.0
431,-30.726524353027344,-31.301668167114258,1.0
432,41.2571907043457,2.9134140014648438,1.0
433,8.349950790405273,32.082393646240234,1.0
434,-11.281867980957031,14.005707740783691,1.0
435,26.41655731201172,13.930089950561523,2.0
436,5.683197975158691,-40.727752685546875,1.0
437,12.502114295959473,-34.61494827270508,3.0
438,-26.812225341796875,0.3028366267681122,2.0
439,-7.8516459465026855,36.87834930419922,1.0
440,-7.16441011428833,23.91228485107422,1.0
441,7.8214030265808105,-36.263832092285156,3.0
442,-15.188714981079102,34.22272491455078,1.0
443,-17.952783584594727,-24.23524284362793,1.0
444,-28.61958885192871,0.47765979170799255,2.0
445,32.50647735595703,17.346853256225586,1.0
446,-32.188865661621094,-6.375277042388916,2.0
447,6.337056636810303,28.479511260986328,1.0
448,-4.884955883026123,28.495159149169922,1.0
449,-29.478378295898438,0.9813011288642883,1.0
450,-38.51948928833008,-41.25611114501953,1.0
451,8.247781753540039,-36.08141326904297,2.0
452,-35.31684875488281,-41.64444351196289,1.0
453,9.501367568969727,39.56452560424805,1.0
454,-32.67523956298828,-47.81294250488281,1.0
455,42.49848175048828,9.778912544250488,3.0
456,4.9978203773498535,33.791282653808594,1.0
457,39.66866683959961,8.142742156982422,2.0
458,15.14669132232666,7.916395664215088,1.0
459,-5.363387584686279,10.288164138793945,1.0
460,3.7574803829193115,27.701541900634766,1.0
461,-35.330421447753906,-41.607826232910156,1.0
462,-35.66358947753906,6.743476390838623,2.0
463,-38.06927490234375,-5.797983646392822,1.0
464,-16.30915069580078,-23.821678161621094,2.0
465,-29.335603713989258,-12.109854698181152,1.0
466,27.413976669311523,14.89281940460205,2.0
467,-38.43654251098633,-6.085843563079834,3.0
468,29.69655990600586,16.02159309387207,1.0
469,7.5620198249816895,31.559049606323242,1.0
470,-4.387312889099121,-12.91207504272461,1.0
471,-3.4966721534729004,9.237421989440918,2.0
472,20.321544647216797,-18.381649017333984,3.0
473,28.0684814453125,14.379655838012695,2.0
474,-32.34888458251953,-49.01354217529297,2.0
475,-31.750076293945312,-35.68074417114258,1.0
476,7.556386947631836,37.196861267089844,1.0
477,25.44608497619629,-14.663509368896484,3.0
478,-62.32475280761719,14.864112854003906,1.0
479,28.516443252563477,14.507054328918457,3.0
480,17.356040954589844,-31.849409103393555,1.0
481,3.983879566192627,-35.261817932128906,2.0
482,-27.60963249206543,-47.077423095703125,1.0
483,38.29112243652344,7.99052619934082,3.0
484,4.994561672210693,27.004404067993164,1.0
485,-30.531017303466797,-46.8708381652832,1.0
486,6.127806663513184,-39.84519958496094,1.0
487,-33.64394760131836,-5.124521732330322,1.0
488,-0.23291358351707458,11.009818077087402,2.0
489,-36.31204605102539,4.499877452850342,1.0
490,-11.229104995727539,13.950508117675781,1.0
491,47.81675720214844,9.091736793518066,3.0
492,-3.080458402633667,-10.08222770690918,1.0
493,4.169148921966553,-35.513545989990234,1.0
494,-29.76473045349121,-0.9553905129432678,1.0
495,6.20621395111084,32.831947326660156,1.0
496,31.394678115844727,16.302553176879883,2.0
497,-25.922163009643555,-45.287330627441406,2.0
498,14.825736045837402,-14.867594718933105,1.0
499,3.205287218093872,-10.8211669921875,1.0
500,-34.05546188354492,2.704127550125122,1.0
501,-12.088292121887207,30.895910263061523,1.0
502,-36.41843032836914,-42.530452728271484,1.0
503,2.6741535663604736,-35.025699615478516,1.0
504,-32.394771575927734,-45.82278823852539,1.0
505,-13.099459648132324,31.445045471191406,1.0
506,27.324535369873047,15.179045677185059,1.0
507,-18.48808479309082,-27.26500129699707,1.0
508,-30.29487419128418,-0.9797578454017639,1.0
509,5.941070556640625,27.210433959960938,1.0
510,10.293529510498047,-36.624794006347656,1.0
511,42.54328536987305,8.362744331359863,2.0
512,33.4744758605957,15.655318260192871,2.0
513,-9.512802124023438,37.054344177246094,1.0
514,-32.88375473022461,1.4768474102020264,1.0
515,-6.294773101806641,26.837566375732422,1.0
516,-20.81308364868164,-33.43034362792969,1.0
517,18.40357208251953,-17.222957611083984,2.0
518,6.461192607879639,35.2061653137207,1.0
519,11.854552268981934,-16.031766891479492,1.0
520,30.963703155517578,13.870201110839844,2.0
521,-31.48331642150879,-0.4438624083995819,2.0
522,-33.55808639526367,-7.237135410308838,1.0
523,40.02936935424805,5.719631671905518,2.0
524,-29.32830047607422,-45.58744430541992,1.0
525,-5.6585187911987305,9.355010986328125,1.0
526,-73.7888412475586,13.294615745544434,1.0
527,4.656911373138428,-34.57468795776367,1.0
528,8.212882041931152,31.784582138061523,1.0
529,-30.768678665161133,0.9756723642349243,1.0
530,-28.992856979370117,-46.71104049682617,1.0
531,7.792993545532227,-33.619144439697266,1.0
532,-0.30262139439582825,26.71944236755371,1.0
533,4.489078998565674,33.80725860595703,1.0
534,4.330909729003906,-18.931482315063477,1.0
535,-35.62381362915039,-41.33803939819336,1.0
536,-36.719337463378906,5.6125054359436035,1.0
537,3.756962537765503,25.67354965209961,1.0
538,-0.6826979517936707,-16.399682998657227,1.0
539,-1.2390719652175903,-14.846867561340332,1.0
540,-1.407340407371521,27.70819664001465,1.0
541,-18.2434139251709,-27.29339027404785,1.0
542,6.329640865325928,-16.286373138427734,2.0
543,-65.71575164794922,18.117496490478516,0.0
544,-36.102264404296875,-6.763811111450195,1.0
545,6.44325590133667,14.16794204711914,1.0
546,9.802306175231934,35.036808013916016,1.0
547,-31.452007293701172,4.842303276062012,1.0
548,14.255085945129395,-17.718910217285156,2.0
549,-27.84187126159668,-50.90229034423828,2.0
550,11.618992805480957,33.1992073059082,1.0
551,-24.819259643554688,-40.20502853393555,1.0
552,-30.383533477783203,-46.85647201538086,2.0
553,41.26922607421875,3.833989381790161,2.0
554,-1.2697018384933472,-13.702343940734863,2.0
555,-13.726572036743164,34.219635009765625,1.0
556,-67.31695556640625,12.669146537780762,2.0
557,-68.4832534790039,17.597261428833008,0.0
558,13.576095581054688,-33.97027587890625,2.0
559,8.913485527038574,-38.835121154785156,3.0
560,-13.130239486694336,25.635848999023438,1.0
561,-27.1523380279541,-32.06857681274414,0.0
562,-72.81671142578125,15.198319435119629,0.0
563,-3.6830296516418457,9.991833686828613,2.0
564,11.6390962600708,35.23748779296875,1.0
565,-19.2503604888916,-32.55495834350586,1.0
566,1.5751618146896362,-29.691858291625977,1.0
567,12.386612892150879,-17.760696411132812,1.0
568,-32.25087356567383,-34.256038665771484,0.0
569,-69.60079956054688,20.525346755981445,0.0
570,-8.99627685546875,41.16598892211914,1.0
571,-36.56719970703125,-42.3587760925293,1.0
572,-26.538480758666992,-43.838863372802734,1.0
573,-25.82793617248535,-7.1008076667785645,1.0
574,7.313051223754883,34.83213806152344,1.0
575,-35.372562408447266,-6.780915260314941,2.0
576,-38.65991973876953,-6.976785659790039,4.0
577,38.442115783691406,10.820344924926758,3.0
578,-13.917624473571777,34.01754379272461,1.0
579,38.55611801147461,9.332381248474121,3.0
580,30.47757911682129,17.951818466186523,1.0
581,47.92933654785156,8.581876754760742,3.0
582,3.4228296279907227,35.85910415649414,0.0
583,-68.8126449584961,18.919763565063477,0.0
584,-32.26801681518555,-33.531864166259766,1.0
585,-3.96984601020813,38.48781204223633,1.0
586,40.165279388427734,8.385481834411621,2.0
587,2.4164371490478516,-23.269134521484375,1.0
588,-6.15748405456543,24.18453025817871,1.0
589,19.39860725402832,22.827529907226562,1.0
590,-29.613731384277344,8.535391807556152,0.0
591,6.281720161437988,22.779260635375977,1.0
592,20.898696899414062,-19.35392951965332,2.0
593,-26.575714111328125,-43.79267883300781,0.0
594,-26.457090377807617,-34.953487396240234,1.0
595,-28.706687927246094,-33.53667449951172,0.0
596,3.495755195617676,-20.689067840576172,1.0
597,-4.415951251983643,38.106178283691406,1.0
598,46.85502624511719,16.384397506713867,1.0
599,-20.211437225341797,-33.39176559448242,1.0
600,24.46257209777832,12.084128379821777,2.0
601,11.601566314697266,-16.80940818786621,2.0
602,-61.12398147583008,15.503462791442871,1.0
603,8.065274238586426,-40.05671310424805,2.0
604,24.860065460205078,11.845751762390137,2.0
605,1.7103416919708252,-26.397302627563477,1.0
606,7.198204517364502,27.48937225341797,1.0
607,1.648450255393982,-15.360044479370117,1.0
608,8.83699893951416,-35.531494140625,1.0
609,-11.531784057617188,27.24151611328125,1.0
610,25.85039520263672,14.36177921295166,2.0
611,-73.13571166992188,13.794178009033203,0.0
612,29.20212173461914,-19.233776092529297,3.0
613,20.626352310180664,-19.14556884765625,2.0
614,23.45903968811035,-20.176654815673828,3.0
615,-67.18657684326172,20.822978973388672,0.0
616,-28.31827163696289,-47.42534637451172,2.0
617,-39.4783821105957,2.6624865531921387,1.0
618,-29.052526473999023,-35.43418502807617,1.0
619,7.90546178817749,-40.48115539550781,1.0
620,1.1795932054519653,11.205975532531738,2.0
621,-37.68222427368164,-39.84923553466797,1.0
622,-28.166881561279297,-48.8178825378418,2.0
623,48.527923583984375,8.726309776306152,4.0
624,-12.385520935058594,35.35460662841797,1.0
625,-37.410160064697266,-41.72611999511719,3.0
626,-26.370018005371094,-35.15950393676758,1.0
627,4.256903648376465,-10.741520881652832,1.0
628,26.215595245361328,14.81882095336914,2.0
629,-13.072936058044434,32.562400817871094,1.0
630,25.7402400970459,-20.22021484375,2.0
631,7.982795238494873,33.46959686279297,1.0
632,-32.28887939453125,8.606019973754883,1.0
633,-10.627059936523438,35.43110275268555,1.0
634,2.574535369873047,35.9256477355957,1.0
635,6.977106094360352,30.131643295288086,1.0
636,-3.8978915214538574,24.14688491821289,1.0
637,-1.3675146102905273,27.554546356201172,1.0
638,-11.912786483764648,34.480281829833984,1.0
639,-11.363642692565918,25.783924102783203,1.0
640,-60.020408630371094,16.444135665893555,0.0
641,-23.796695709228516,-39.42165756225586,1.0
642,5.798676013946533,33.799468994140625,1.0
643,17.727096557617188,35.222354888916016,2.0
644,-10.934649467468262,36.41630554199219,1.0
645,-29.33210563659668,-15.403923034667969,1.0
646,-58.76034927368164,15.144295692443848,1.0
647,8.438042640686035,30.578054428100586,1.0
648,-2.727121114730835,25.1657772064209,1.0
649,-33.76533508300781,1.0171494483947754,1.0
650,-39.21577453613281,1.981514573097229,1.0
651,-70.01586151123047,18.96780014038086,1.0
652,-9.725708961486816,-22.318159103393555,0.0
653,0.9986099600791931,17.276716232299805,1.0
654,-24.311046600341797,-40.61853790283203,1.0
655,46.833858489990234,16.556291580200195,1.0
656,13.627230644226074,-32.780452728271484,1.0
657,-5.103250026702881,9.515424728393555,1.0
658,19.114219665527344,-19.877788543701172,3.0
659,12.006562232971191,-17.12618637084961,2.0
660,-8.698731422424316,36.67980194091797,1.0
661,-26.380481719970703,0.5221807360649109,2.0
662,40.02732467651367,3.0423810482025146,2.0
663,23.801044464111328,-20.42253303527832,3.0
664,2.538966655731201,-22.615320205688477,1.0
665,-10.7069091796875,30.718191146850586,0.0
666,-10.966217994689941,34.40404510498047,0.0
667,-12.247111320495605,-29.24712371826172,1.0
668,-32.45098114013672,-34.143497467041016,0.0
669,6.762707710266113,14.009794235229492,1.0
670,5.7257819175720215,-20.762432098388672,1.0
671,6.6405463218688965,-18.137887954711914,1.0
672,-37.44517517089844,-7.190010070800781,1.0
673,24.488637924194336,-20.66086196899414,2.0
674,8.035964012145996,-40.76473617553711,1.0
675,-27.749895095825195,-49.41423034667969,2.0
676,-5.2977614402771,9.053421020507812,2.0
677,19.11171531677246,22.13396644592285,1.0
678,-64.85972595214844,18.54439353942871,0.0
679,2.72379732131958,-32.99090576171875,1.0
680,38.042999267578125,15.964309692382812,2.0
681,47.18727111816406,15.748600006103516,1.0
682,8.643118858337402,28.34259605407715,1.0
683,-29.812002182006836,-5.1135945320129395,2.0
684,6.691075801849365,22.136173248291016,1.0
685,-38.20767593383789,-40.6058464050293,1.0
686,2.0171358585357666,-33.231868743896484,1.0
687,0.9788455367088318,-36.06415939331055,1.0
688,9.638102531433105,-39.48044204711914,2.0
689,9.748894691467285,-40.280216217041016,1.0
690,6.300312519073486,24.80052947998047,1.0
691,6.152531147003174,21.620201110839844,1.0
692,10.5590181350708,-39.46861267089844,2.0
693,-1.139704942703247,-13.31520938873291,1.0
694,29.99704933166504,18.12038803100586,1.0
695,-30.304611206054688,-9.315699577331543,1.0
696,-8.681465148925781,30.77836799621582,0.0
697,1.9303703308105469,-40.276275634765625,1.0
698,26.01061248779297,15.223962783813477,1.0
699,27.22886085510254,-21.12252426147461,3.0
700,35.339839935302734,13.508134841918945,3.0
701,38.93143081665039,6.303084850311279,2.0
702,42.11745071411133,9.39615535736084,3.0
703,1.5174237489700317,17.64712905883789,1.0
704,4.387065887451172,23.158723831176758,0.0
705,13.33877182006836,-35.57727813720703,2.0
706,-70.87361907958984,13.565712928771973,1.0
707,3.7922091484069824,-34.81197738647461,2.0
708,-65.24238586425781,18.124189376831055,1.0
709,15.92758846282959,33.03507614135742,1.0
710,38.768287658691406,4.964735507965088,2.0
711,8.967935562133789,-39.798919677734375,2.0
712,-37.57072448730469,7.535486698150635,0.0
713,-2.9875519275665283,22.91136360168457,1.0
714,24.874277114868164,-20.795137405395508,2.0
715,-17.916902542114258,-27.04442596435547,1.0
716,14.44344425201416,-38.77457046508789,2.0
717,5.181886196136475,26.327669143676758,1.0
718,-25.70472526550293,-44.5389404296875,2.0
719,-13.250492095947266,25.275455474853516,1.0
720,2.249683380126953,-23.901918411254883,1.0
721,-29.18373680114746,8.281558990478516,0.0
722,-1.0951541662216187,-25.865432739257812,1.0
723,-71.742431640625,11.229114532470703,1.0
724,-35.33170700073242,2.125112533569336,1.0
725,-1.4843612909317017,22.1283016204834,1.0
726,-28.5889949798584,-48.20730209350586,2.0
727,12.723797798156738,34.672481536865234,1.0
728,-0.6121176481246948,-26.31932830810547,1.0
729,23.971220016479492,12.612996101379395,2.0
730,13.12126636505127,-18.16509437561035,2.0
731,12.885909080505371,-36.39208221435547,1.0
732,6.950728416442871,13.8497953414917,2.0
733,-23.054115295410156,-38.64556121826172,1.0
734,-27.05536651611328,-47.21600341796875,2.0
735,6.243131160736084,-20.913373947143555,1.0
736,-31.386014938354492,-39.51588821411133,1.0
737,43.5211296081543,16.402482986450195,1.0
738,0.023987358435988426,10.222320556640625,2.0
739,3.223012685775757,-34.33218002319336,2.0
740,-34.15970230102539,2.2326228618621826,1.0
741,48.353111267089844,8.12334156036377,3.0
742,-10.741341590881348,38.59172439575195,1.0
743,0.851642906665802,-25.070186614990234,1.0
744,47.91830062866211,7.5883917808532715,4.0
745,-29.48118019104004,-36.663612365722656,1.0
746,7.1868414878845215,27.32958221435547,1.0
747,12.423968315124512,27.687000274658203,1.0
748,0.43118739128112793,26.48679542541504,1.0
749,7.5793938636779785,29.94969367980957,1.0
750,-37.49281311035156,8.24205493927002,1.0
751,6.3996076583862305,-20.995832443237305,1.0
752,-11.599555969238281,25.442325592041016,1.0
753,-1.640350341796875,38.25893783569336,1.0
754,-34.33403778076172,-32.13803482055664,0.0
755,-32.653564453125,-34.07600021362305,0.0
756,26.58790397644043,16.158077239990234,1.0
757,13.354257583618164,30.9392147064209,1.0
758,-37.58966064453125,6.585013389587402,1.0
759,-0.8497822284698486,24.338417053222656,1.0
760,4.113694667816162,22.40693473815918,1.0
761,-4.059896945953369,24.58855438232422,1.0
762,-0.01408425997942686,9.955293655395508,2.0
763,-27.50475311279297,-50.69016647338867,3.0
764,-30.161123275756836,5.8093791007995605,1.0
765,43.834781646728516,16.596582412719727,1.0
766,-37.51667404174805,4.963268756866455,1.0
767,1.344904899597168,-33.932716369628906,1.0
768,-32.12173843383789,-9.707262992858887,1.0
769,-39.38462448120117,2.776667356491089,1.0
770,-31.557300567626953,-30.913816452026367,1.0
771,25.06995391845703,-20.927995681762695,2.0
772,-8.821885108947754,25.19646644592285,0.0
773,3.379775047302246,22.000505447387695,1.0
774,35.458251953125,13.394036293029785,3.0
775,18.542200088500977,27.794530868530273,2.0
776,47.21883010864258,15.463125228881836,1.0
777,27.96612548828125,17.351943969726562,1.0
778,-4.274513244628906,-10.882864952087402,1.0
779,13.615828514099121,-37.115421295166016,2.0
780,-68.78904724121094,15.245859146118164,0.0
781,-12.965766906738281,29.09751319885254,1.0
782,-30.24226188659668,0.6662030220031738,1.0
783,-8.827587127685547,37.669395446777344,1.0
784,0.722836434841156,-36.37502670288086,1.0
785,22.509801864624023,-22.453693389892578,2.0
786,-13.324101448059082,23.47125244140625,1.0
787,-1.9364089965820312,-14.923713684082031,1.0
788,21.69385528564453,-26.672584533691406,3.0
789,17.616565704345703,22.808902740478516,1.0
790,12.077929496765137,-42.513492584228516,1.0
791,-68.94294738769531,17.615997314453125,0.0
792,-70.91551971435547,19.275455474853516,1.0
793,0.9333915710449219,-15.405763626098633,1.0
794,7.393824100494385,-18.371952056884766,1.0
795,14.14931583404541,-35.16117477416992,1.0
796,-28.6503963470459,-12.727360725402832,1.0
797,-16.366718292236328,-25.53131866455078,1.0
798,-12.922774314880371,23.86153793334961,0.0
799,48.08843231201172,2.3078927993774414,2.0
800,11.097149848937988,-44.65836715698242,1.0
801,15.771461486816406,28.02840805053711,1.0
802,12.64730453491211,-37.2137336730957,1.0
803,17.308408737182617,35.26725387573242,1.0
804,-23.403818130493164,-39.627933502197266,1.0
805,48.9150276184082,8.147711753845215,3.0
806,38.35797882080078,15.683621406555176,2.0
807,-15.997783660888672,-26.19684410095215,1.0
808,-11.824652671813965,-30.114093780517578,1.0
809,21.28148651123047,-27.80904769897461,4.0
810,0.04565444588661194,-26.08014678955078,1.0
811,21.834150314331055,-25.34886360168457,3.0
812,20.202964782714844,-20.720754623413086,2.0
813,18.895862579345703,-21.168689727783203,2.0
814,-3.9270946979522705,-11.903076171875,1.0
815,6.137528419494629,22.831172943115234,1.0
816,4.117552280426025,20.302936553955078,1.0
817,51.54761505126953,6.38648796081543,3.0
818,-65.28585815429688,17.390323638916016,0.0
819,-68.86380767822266,10.765454292297363,1.0
820,42.260711669921875,15.623221397399902,2.0
821,3.966245174407959,14.122674942016602,1.0
822,4.013555526733398,-33.75102233886719,2.0
823,-29.65558433532715,-34.171268463134766,0.0
824,-15.923715591430664,33.01390075683594,1.0
825,-37.766273498535156,-41.074729919433594,2.0
826,13.508837699890137,-18.635658264160156,2.0
827,7.065603256225586,-20.904956817626953,1.0
828,-61.63385009765625,12.753626823425293,1.0
829,-9.607744216918945,40.654293060302734,1.0
830,-28.198200225830078,-32.219444274902344,0.0
831,37.782230377197266,16.567426681518555,1.0
832,48.207088470458984,0.3736136555671692,1.0
833,-0.4805787205696106,9.369003295898438,2.0
834,7.35181999206543,-17.45367431640625,2.0
835,18.544048309326172,22.03904151916504,1.0
836,-67.36930084228516,14.128918647766113,1.0
837,-27.822608947753906,-9.06192684173584,2.0
838,-1.3693861961364746,22.65022850036621,1.0
839,10.726335525512695,23.732370376586914,1.0
840,25.417766571044922,15.584550857543945,2.0
841,12.345749855041504,-38.10600662231445,1.0
842,-13.661212921142578,22.184101104736328,1.0
843,-13.863001823425293,20.37079429626465,1.0
844,-1.0343263149261475,25.14924430847168,1.0
845,-37.64212417602539,7.348604679107666,1.0
846,7.519465923309326,26.919315338134766,1.0
847,10.553793907165527,24.015777587890625,1.0
848,1.2849775552749634,14.313173294067383,1.0
849,-3.6640303134918213,23.097929000854492,1.0
850,2.2494897842407227,13.75724983215332,1.0
851,2.4182968139648438,23.903411865234375,1.0
852,16.91482925415039,35.54258346557617,1.0
853,-27.294599533081055,-11.590327262878418,2.0
854,21.732458114624023,-20.40595245361328,2.0
855,-36.84267807006836,2.9256057739257812,1.0
856,-9.540581703186035,29.37062644958496,0.0
857,-69.65556335449219,20.940311431884766,0.0
858,-28.204904556274414,1.9199614524841309,3.0
859,4.097245693206787,22.143571853637695,1.0
860,-12.158464431762695,31.869915008544922,1.0
861,-38.83924865722656,-39.923709869384766,1.0
862,8.877161979675293,27.971776962280273,1.0
863,-36.87175369262695,2.5643839836120605,1.0
864,-15.587709426879883,36.02432632446289,1.0
865,28.093536376953125,-23.11919593811035,2.0
866,-2.4201865196228027,-10.163810729980469,1.0
867,8.127634048461914,14.718680381774902,1.0
868,-65.69141387939453,12.896891593933105,2.0
869,-12.233383178710938,24.899389266967773,1.0
870,-29.570714950561523,-34.633079528808594,1.0
871,9.501957893371582,-41.306068420410156,2.0
872,18.735380172729492,-21.390708923339844,1.0
873,-4.2330403327941895,-11.24350357055664,1.0
874,-36.90662384033203,-40.87967300415039,1.0
875,-33.38418960571289,-8.350638389587402,1.0
876,2.60654616355896,24.336740493774414,1.0
877,-1.83497154712677,23.972129821777344,1.0
878,-1.1085503101348877,16.614383697509766,1.0
879,10.049459457397461,28.68099594116211,1.0
880,51.03652572631836,6.231184482574463,2.0
881,-15.1441011428833,33.14599609375,1.0
882,-19.177806854248047,-28.843605041503906,1.0
883,26.408977508544922,17.005338668823242,1.0
884,25.891582489013672,16.974151611328125,1.0
885,18.208942413330078,27.034442901611328,1.0
886,-23.686721801757812,-40.85884475708008,1.0
887,-36.32955551147461,-9.342845916748047,1.0
888,-62.0627555847168,13.218070030212402,2.0
889,2.601088762283325,13.34952449798584,1.0
890,-1.6778018474578857,-15.92179012298584,2.0
891,20.583248138427734,-27.238962173461914,4.0
892,27.048843383789062,-30.349872589111328,3.0
893,-66.95706939697266,16.894641876220703,0.0
894,-58.92730712890625,18.436933517456055,0.0
895,-35.736114501953125,-1.1533719301223755,3.0
896,51.031707763671875,6.229654312133789,2.0
897,-25.683433532714844,-46.398277282714844,2.0
898,-26.823261260986328,-46.610164642333984,1.0
899,37.37456512451172,9.493234634399414,3.0
900,1.851578950881958,21.699947357177734,1.0
901,50.39292907714844,6.5237579345703125,3.0
902,-14.938800811767578,-30.099809646606445,1.0
903,-37.276546478271484,-43.13922882080078,1.0
904,27.24057388305664,17.980026245117188,2.0
905,20.030969619750977,-41.14543914794922,1.0
906,-36.865272521972656,-39.881622314453125,1.0
907,2.1892642974853516,14.066324234008789,1.0
908,14.98338508605957,-36.86729431152344,2.0
909,-59.017826080322266,17.98354148864746,0.0
910,-3.786283254623413,22.56049919128418,1.0
911,29.765424728393555,20.33228302001953,1.0
912,-3.5434961318969727,-13.27331829071045,1.0
913,-32.53040313720703,-5.3739495277404785,2.0
914,9.71387004852295,-41.29400634765625,1.0
915,-65.89986419677734,12.770011901855469,2.0
916,-27.803085327148438,-45.46897888183594,1.0
917,-13.72368335723877,21.77492904663086,1.0
918,-0.5023910999298096,8.827911376953125,2.0
919,-4.3585920333862305,23.29436492919922,1.0
920,19.160295486450195,-41.05332946777344,2.0
921,37.21803283691406,8.464041709899902,3.0
922,24.814804077148438,-23.19149398803711,1.0
923,11.945335388183594,-18.740022659301758,2.0
924,19.804405212402344,-26.975360870361328,3.0
925,5.312240123748779,-23.334674835205078,1.0
926,-4.4076080322265625,-16.780975341796875,1.0
927,-5.655275344848633,-17.484947204589844,1.0
928,-31.69136619567871,-9.943155288696289,1.0
929,-2.8007185459136963,22.1907901763916,1.0
930,-26.397687911987305,-47.26403045654297,1.0
931,18.730178833007812,-40.336631774902344,1.0
932,4.036691665649414,-9.191286087036133,1.0
933,16.046489715576172,31.808727264404297,1.0
934,17.755910873413086,30.95903968811035,2.0
935,48.75077819824219,2.7094156742095947,1.0
936,-70.68683624267578,16.554811477661133,1.0
937,22.003101348876953,-22.198013305664062,2.0
938,15.85453987121582,19.535579681396484,1.0
939,-29.095598220825195,-33.530662536621094,0.0
940,-23.90137481689453,-41.775882720947266,1.0
941,-12.937287330627441,20.017091751098633,1.0
942,-72.2842025756836,17.552867889404297,0.0
943,49.02561950683594,7.020999431610107,4.0
944,14.798124313354492,-35.477176666259766,1.0
945,-15.408363342285156,-26.463098526000977,1.0
946,-37.28230667114258,3.662257194519043,1.0
947,-12.229990005493164,-29.28077507019043,1.0
948,15.311866760253906,-40.42763900756836,2.0
949,29.113927841186523,19.040523529052734,1.0
950,-0.3839976191520691,-19.771886825561523,1.0
951,9.37867259979248,-42.45704650878906,1.0
952,11.613667488098145,17.92433738708496,1.0
953,-70.91883850097656,18.04865837097168,0.0
954,13.39750862121582,30.52666664123535,1.0
955,30.03617286682129,19.566991806030273,2.0
956,-20.302845001220703,-40.09306716918945,1.0
957,14.236413955688477,-43.72392654418945,1.0
958,13.071857452392578,-41.833152770996094,2.0
959,-72.69002532958984,12.297662734985352,1.0
960,16.336057662963867,-43.57960510253906,2.0
961,-70.88825225830078,19.89189338684082,0.0
962,5.77203369140625,16.05108070373535,1.0
963,21.53675079345703,13.894984245300293,3.0
964,37.392578125,5.028741359710693,1.0
965,-5.188596248626709,-12.19025707244873,1.0
966,12.939957618713379,26.39300537109375,1.0
967,10.624604225158691,-41.32118225097656,1.0
968,-0.3857969343662262,15.334012031555176,1.0
969,-35.292869567871094,-40.0748405456543,1.0
970,37.95209884643555,3.4941251277923584,2.0
971,-65.97764587402344,16.47254180908203,1.0
972,-8.943166732788086,22.294527053833008,1.0
973,-22.73097038269043,-41.986106872558594,1.0
974,-9.752359390258789,37.566402435302734,1.0
975,24.741493225097656,-23.48338508605957,2.0
976,-0.6717909574508667,15.872892379760742,1.0
977,48.985599517822266,2.770101547241211,3.0
978,26.378232955932617,-28.254478454589844,3.0
979,4.263555526733398,19.895309448242188,1.0
980,0.07451989501714706,22.86473274230957,1.0
981,-39.37611770629883,2.872540235519409,1.0
982,-26.641979217529297,1.550185203552246,2.0
983,-14.156778335571289,-25.87096405029297,1.0
984,-37.84583282470703,-7.497496604919434,1.0
985,28.435731887817383,20.179304122924805,2.0
986,-38.938655853271484,-39.52692794799805,2.0
987,3.4009804725646973,18.846757888793945,1.0
988,3.439499616622925,18.80443572998047,1.0
989,-38.512725830078125,-39.36579513549805,2.0
990,-4.682102680206299,23.26553726196289,1.0
991,-0.3895912170410156,-19.24844741821289,1.0
992,-28.387714385986328,-45.451141357421875,1.0
993,38.26565933227539,2.875242233276367,2.0
994,-15.150951385498047,37.39914321899414,0.0
995,-11.13476848602295,23.86083984375,1.0
996,-12.577858924865723,37.61809539794922,1.0
997,-16.090654373168945,-24.50960922241211,1.0
998,-1.8803995847702026,38.884647369384766,0.0
999,-15.944741249084473,-30.37082290649414,2.0
1000,27.107254028320312,-29.717243194580078,2.0
1001,-7.329909801483154,20.514877319335938,1.0
1002,-14.225851058959961,-24.8361759185791,1.0
1003,-4.355735778808594,43.37062454223633,0.0
1004,42.9393310546875,16.44672393798828,1.0
1005,-30.56166648864746,-10.595940589904785,1.0
1006,9.523179054260254,-46.448062896728516,1.0
1007,-32.85712432861328,-32.04410171508789,0.0
1008,-15.878536224365234,-25.76793670654297,0.0
1009,-22.86111831665039,-40.903953552246094,1.0
1010,28.87017822265625,19.500286102294922,2.0
1011,0.9321368932723999,6.825061798095703,2.0
1012,19.001506805419922,21.2719783782959,1.0
1013,-3.94539213180542,42.79247283935547,1.0
1014,0.9581928253173828,6.782000541687012,2.0
1015,8.407869338989258,-18.376747131347656,1.0
1016,17.582473754882812,31.800220489501953,1.0
1017,-38.88753890991211,-39.239051818847656,2.0
1018,18.807645797729492,-40.15981674194336,2.0
1019,28.119138717651367,-27.112531661987305,2.0
1020,-65.53024291992188,16.927677154541016,0.0
1021,-9.549385070800781,40.8228759765625,0.0
1022,13.900814056396484,-45.17082595825195,1.0
1023,7.411717891693115,-22.26841163635254,1.0
1024,-0.38052716851234436,24.113903045654297,1.0
1025,8.994080543518066,23.027271270751953,1.0
1026,49.0498161315918,1.9601943492889404,1.0
1027,18.57706069946289,-21.797452926635742,1.0
1028,23.67888832092285,14.307072639465332,2.0
1029,-0.04228777065873146,21.927762985229492,1.0
1030,13.281360626220703,27.049976348876953,1.0
1031,37.570579528808594,4.071436882019043,2.0
1032,35.57465362548828,6.606251239776611,3.0
1033,5.362555980682373,20.626333236694336,1.0
1034,30.576772689819336,-26.65406608581543,2.0
1035,-32.725868225097656,-7.851179599761963,1.0
1036,16.25716209411621,-22.6745662689209,1.0
1037,4.021676540374756,-9.048534393310547,2.0
1038,18.07115364074707,32.90606689453125,1.0
1039,26.28082275390625,-29.18195343017578,2.0
1040,-29.98223876953125,-16.427019119262695,0.0
1041,-5.148709774017334,38.753692626953125,1.0
1042,10.017134666442871,-15.634591102600098,1.0
1043,-38.64595413208008,8.408994674682617,1.0
1044,12.547341346740723,-40.80347442626953,2.0
1045,-69.49327850341797,11.67372989654541,0.0
1046,17.324275970458984,19.98256492614746,1.0
1047,38.15278244018555,3.329221487045288,1.0
1048,12.71613597869873,-43.4450569152832,2.0
1049,23.788528442382812,16.004880905151367,2.0
1050,-9.005715370178223,24.83403968811035,1.0
1051,26.390592575073242,-28.541473388671875,2.0
1052,10.902396202087402,13.150324821472168,2.0
1053,-62.05332565307617,14.368912696838379,1.0
1054,-0.29203253984451294,23.89397621154785,1.0
1055,-28.055450439453125,-31.71957778930664,0.0
1056,22.496414184570312,-23.306570053100586,2.0
1057,-11.236151695251465,23.630428314208984,1.0
1058,20.714374542236328,-26.800357818603516,3.0
1059,15.361013412475586,-37.40695571899414,2.0
1060,7.973992347717285,13.282675743103027,1.0
1061,-37.89638900756836,2.3863978385925293,0.0
1062,11.877939224243164,-44.638954162597656,1.0
1063,50.919151306152344,3.7909886837005615,3.0
1064,23.123069763183594,15.660425186157227,2.0
1065,-72.00585174560547,11.899706840515137,1.0
1066,-9.203062057495117,20.59972381591797,1.0
1067,25.79799461364746,-25.67584800720215,2.0
1068,-35.83543014526367,-39.68912887573242,1.0
1069,-69.49208068847656,15.305656433105469,1.0
1070,28.211994171142578,-23.855663299560547,2.0
1071,-28.843111038208008,4.557256698608398,1.0
1072,19.474306106567383,20.812042236328125,1.0
1073,-22.82817840576172,-39.704708099365234,1.0
1074,4.831828594207764,-22.57422637939453,1.0
1075,13.603747367858887,-19.074464797973633,4.0
1076,27.915016174316406,-30.912429809570312,4.0
1077,-24.69988441467285,-45.859703063964844,2.0
1078,2.171949625015259,21.04193687438965,1.0
1079,49.59699249267578,3.4032599925994873,2.0
1080,-27.706384658813477,3.670966625213623,1.0
1081,-59.91206359863281,14.162428855895996,1.0
1082,6.4496026039123535,-22.553741455078125,1.0
1083,15.92398738861084,-36.30747985839844,1.0
1084,-28.26474952697754,6.922799587249756,0.0
1085,-3.696270704269409,42.5406379699707,1.0
1086,-68.96746826171875,14.298575401306152,1.0
1087,13.456360816955566,-44.59736251831055,1.0
1088,13.386181831359863,-42.90945053100586,1.0
1089,29.815427780151367,19.861801147460938,1.0
1090,5.118808269500732,11.080227851867676,1.0
1091,-30.674367904663086,-8.152538299560547,1.0
1092,24.66493797302246,-23.744415283203125,1.0
1093,-31.33745002746582,-49.51799392700195,2.0
1094,10.449357986450195,-20.55221939086914,2.0
1095,-38.81949234008789,5.183772087097168,1.0
1096,28.580568313598633,-31.432058334350586,4.0
1097,-22.745826721191406,-42.631736755371094,1.0
1098,-3.33878231048584,-13.492960929870605,1.0
1099,11.029666900634766,23.35812759399414,1.0
1100,-11.915586471557617,38.02778625488281,1.0
1101,17.6866512298584,31.75848960876465,1.0
1102,-36.4664421081543,-7.551565647125244,1.0
1103,41.999725341796875,16.662506103515625,3.0
1104,-4.836962699890137,21.489778518676758,1.0
1105,-22.285892486572266,-38.762081146240234,1.0
1106,2.5380704402923584,12.429485321044922,2.0
1107,16.633392333984375,30.81666374206543,1.0
1108,-0.3656870126724243,-20.174293518066406,1.0
1109,-14.646615982055664,37.45264434814453,1.0
1110,-1.2935752868652344,-25.161205291748047,1.0
1111,-39.81226348876953,6.618567943572998,1.0
1112,16.022201538085938,32.575862884521484,1.0
1113,13.177033424377441,25.855745315551758,1.0
1114,20.93625831604004,-28.342674255371094,4.0
1115,-17.242456436157227,-28.538528442382812,1.0
1116,-14.459890365600586,-29.24208641052246,1.0
1117,-14.515796661376953,37.17060470581055,1.0
1118,2.3211190700531006,23.707950592041016,1.0
1119,-31.235000610351562,-7.803050518035889,1.0
1120,-15.109851837158203,-26.279218673706055,1.0
1121,3.1503143310546875,12.62579345703125,2.0
1122,16.108749389648438,-36.45663833618164,2.0
1123,3.8964245319366455,17.118417739868164,1.0
1124,-39.13402557373047,5.930211544036865,1.0
1125,15.633391380310059,18.816198348999023,1.0
1126,27.678693771362305,-28.325258255004883,2.0
1127,-25.11368179321289,2.21431040763855,1.0
1128,16.64705467224121,30.774904251098633,1.0
1129,-72.66484069824219,13.271240234375,0.0
1130,-26.496919631958008,-49.09038543701172,3.0
1131,-4.860562324523926,41.747215270996094,1.0
1132,25.329252243041992,-24.84847640991211,2.0
1133,9.527530670166016,9.868115425109863,1.0
1134,11.416868209838867,24.9024600982666,1.0
1135,26.647796630859375,19.23308753967285,2.0
1136,10.786231994628906,18.866256713867188,1.0
1137,25.705942153930664,-24.054454803466797,2.0
1138,16.624805450439453,19.104557037353516,1.0
1139,15.331700325012207,-43.448848724365234,1.0
1140,8.743873596191406,18.983943939208984,1.0
1141,-4.408495903015137,19.872066497802734,1.0
1142,-32.01466369628906,-7.792693614959717,1.0
1143,-25.38996696472168,2.8447141647338867,1.0
1144,-2.1167354583740234,-16.025218963623047,1.0
1145,14.771239280700684,24.91883659362793,1.0
1146,15.490845680236816,-34.708709716796875,1.0
1147,15.86052131652832,27.521406173706055,1.0
1148,22.836030960083008,18.181678771972656,1.0
1149,-28.753150939941406,6.756182670593262,1.0
1150,-3.5872321128845215,19.564180374145508,1.0
1151,-26.228946685791016,-48.0011100769043,1.0
1152,-33.38425064086914,-32.86330032348633,1.0
1153,13.685267448425293,25.115713119506836,1.0
1154,23.151927947998047,-24.302576065063477,2.0
1155,3.5582804679870605,16.361812591552734,0.0
1156,-16.774410247802734,19.608739852905273,1.0
1157,29.36849594116211,21.1276912689209,2.0
1158,14.900636672973633,-41.39405059814453,1.0
1159,35.92816925048828,6.190578937530518,3.0
1160,14.609007835388184,27.133316040039062,1.0
1161,-8.806320190429688,-15.594019889831543,1.0
1162,15.548876762390137,-43.25190353393555,1.0
1163,-32.6195182800293,-30.8138484954834,0.0
1164,-14.64752197265625,19.972537994384766,0.0
1165,6.163999080657959,17.91265869140625,1.0
1166,20.198022842407227,-22.05198860168457,2.0
1167,13.485915184020996,-42.04412841796875,2.0
1168,13.135624885559082,-40.70135498046875,2.0
1169,13.89169979095459,23.529870986938477,1.0
1170,20.79264259338379,-21.91252899169922,2.0
1171,-2.802075147628784,19.286874771118164,1.0
1172,9.256630897521973,-43.168636322021484,1.0
1173,11.136504173278809,-20.156435012817383,1.0
1174,48.9683952331543,5.778384208679199,3.0
1175,-30.07265281677246,-16.52142333984375,0.0
1176,9.415593147277832,-20.073591232299805,2.0
1177,4.738272190093994,19.053756713867188,1.0
1178,24.818689346313477,-26.912443161010742,3.0
1179,-38.62212371826172,-38.78424072265625,1.0
1180,-34.10282897949219,-39.370033264160156,1.0
1181,-36.86530303955078,1.4251668453216553,1.0
1182,-69.157958984375,14.78613567352295,1.0
1183,24.47602653503418,17.694787979125977,1.0
1184,-32.99318313598633,-31.91294288635254,1.0
1185,11.875895500183105,22.4821720123291,1.0
1186,-65.43885040283203,16.1517333984375,0.0
1187,1.314566969871521,20.97234535217285,1.0
1188,-26.752777099609375,3.413938045501709,1.0
1189,-31.565210342407227,-7.670912742614746,2.0
1190,10.87495231628418,-25.620391845703125,1.0
1191,22.333600997924805,-23.82535743713379,2.0
1192,-17.748920440673828,-28.57151985168457,1.0
1193,19.301528930664062,-26.003721237182617,3.0
1194,49.73767852783203,2.5735418796539307,2.0
1195,14.56556224822998,-45.70668411254883,2.0
1196,14.708200454711914,30.58455467224121,1.0
1197,18.169912338256836,-42.46183776855469,3.0
1198,10.611360549926758,19.863418579101562,1.0
1199,-33.25981903076172,-10.087700843811035,1.0
1200,50.90684127807617,3.49094820022583,2.0
1201,-24.415292739868164,-46.01601791381836,2.0
1202,16.31678009033203,-40.720237731933594,2.0
1203,10.87682056427002,-19.20635414123535,2.0
1204,12.256233215332031,-22.54124641418457,1.0
1205,9.750865936279297,22.39661407470703,1.0
1206,36.131813049316406,5.26749849319458,2.0
1207,-27.701845169067383,5.332096576690674,1.0
1208,9.722536087036133,20.799209594726562,0.0
1209,34.28927230834961,5.324275970458984,2.0
1210,-38.739192962646484,9.9436616897583,0.0
1211,-59.79057312011719,13.507503509521484,1.0
1212,50.705379486083984,2.6771626472473145,2.0
1213,18.541112899780273,-24.92586898803711,2.0
1214,-21.983577728271484,-40.412723541259766,1.0
1215,26.082931518554688,-27.10700225830078,2.0
1216,21.633716583251953,-23.738147735595703,2.0
1217,6.404505729675293,17.49713706970215,1.0
1218,27.052160263061523,-26.03237533569336,3.0
1219,11.586160659790039,23.214942932128906,1.0
1220,-58.920162200927734,18.737197875976562,0.0
1221,28.58150291442871,-25.801624298095703,2.0
1222,-16.17755889892578,-30.584606170654297,1.0
1223,3.238987445831299,-8.63101863861084,2.0
1224,26.710180282592773,-28.895605087280273,2.0
1225,2.170037031173706,19.66807746887207,1.0
1226,-9.10204029083252,20.768970489501953,1.0
1227,10.329697608947754,12.985605239868164,1.0
1228,15.479337692260742,-25.809646606445312,1.0
1229,8.79177474975586,-19.332002639770508,1.0
1230,-39.46619415283203,8.150866508483887,1.0
1231,27.63350486755371,-29.45808219909668,2.0
1232,50.15703582763672,4.721534252166748,3.0
1233,14.88283920288086,-43.87598419189453,2.0
1234,14.624134063720703,-42.35111618041992,1.0
1235,-21.824371337890625,-38.561317443847656,1.0
1236,-8.182984352111816,20.491451263427734,1.0
1237,-13.270639419555664,37.721073150634766,1.0
1238,-31.962646484375,-8.249308586120605,1.0
1239,-2.497504472732544,18.610780715942383,1.0
1240,-25.07354164123535,-47.68094253540039,2.0
1241,-34.86149215698242,-34.82085418701172,1.0
1242,4.354928970336914,10.575911521911621,1.0
1243,8.735811233520508,-27.539186477661133,1.0
1244,18.219528198242188,-22.94880485534668,1.0
1245,17.74635887145996,26.302886962890625,1.0
1246,49.02668380737305,4.618801116943359,2.0
1247,25.44217872619629,-31.131696701049805,2.0
1248,23.429765701293945,17.00212860107422,2.0
1249,12.16195297241211,-23.603010177612305,1.0
1250,-27.745807647705078,3.5553927421569824,0.0
1251,-36.11500930786133,-1.0698370933532715,1.0
1252,-69.92496490478516,11.892423629760742,1.0
1253,20.42875862121582,-28.118961334228516,4.0
1254,34.22133255004883,5.934004306793213,2.0
1255,-32.41167449951172,-9.142129898071289,1.0
1256,-14.336636543273926,-25.67301368713379,1.0
1257,0.0012820626143366098,19.788854598999023,1.0
1258,10.736124038696289,-43.037593841552734,2.0
1259,1.6192246675491333,-17.82210922241211,1.0
1260,2.8660168647766113,10.643218040466309,1.0
1261,-58.99019241333008,17.98470115661621,0.0
1262,16.200973510742188,27.342134475708008,0.0
1263,25.652311325073242,18.786823272705078,2.0
1264,-65.9178695678711,13.402732849121094,1.0
1265,-65.1639404296875,15.775639533996582,1.0
1266,13.67866325378418,24.1125545501709,1.0
1267,-38.48795700073242,4.319727897644043,1.0
1268,-66.31024932861328,14.357062339782715,1.0
1269,-38.31538772583008,2.4901599884033203,1.0
1270,6.984164714813232,11.637913703918457,1.0
1271,49.7039909362793,1.4064582586288452,3.0
1272,47.82522201538086,3.992055654525757,2.0
1273,-72.2718734741211,11.501910209655762,1.0
1274,-25.48465347290039,-48.74617004394531,2.0
1275,-36.93105697631836,1.19402015209198,1.0
1276,-64.77044677734375,16.823450088500977,1.0
1277,-39.983306884765625,7.2343854904174805,1.0
1278,24.499235153198242,18.254884719848633,1.0
1279,17.004501342773438,-36.98844909667969,1.0
1280,12.13792610168457,21.600570678710938,1.0
1281,-23.28519058227539,-42.62622833251953,2.0
1282,29.158374786376953,-24.72907829284668,3.0
1283,22.82269287109375,16.281402587890625,2.0
1284,13.529618263244629,-45.470726013183594,1.0
1285,14.634705543518066,25.187231063842773,1.0
1286,-16.272279739379883,19.569353103637695,0.0
1287,28.8089656829834,21.099288940429688,2.0
1288,0.23454169929027557,21.100481033325195,1.0
1289,50.052146911621094,3.0798885822296143,2.0
1290,-8.998570442199707,22.02788734436035,1.0
1291,-22.993396759033203,-42.93205642700195,1.0
1292,7.496054172515869,-26.149324417114258,1.0
1293,8.650197982788086,18.181617736816406,1.0
1294,13.35024642944336,-22.132749557495117,1.0
1295,-62.91102981567383,13.64364242553711,1.0
1296,34.07390213012695,7.581217288970947,4.0
1297,52.51970291137695,5.134758472442627,3.0
1298,-24.243867874145508,-47.335662841796875,2.0
1299,49.80854034423828,3.72934889793396,2.0
1300,16.925386428833008,-36.416046142578125,2.0
1301,16.995670318603516,29.797632217407227,1.0
1302,11.659754753112793,-22.195343017578125,1.0
1303,-2.011259078979492,18.604867935180664,1.0
1304,35.27946090698242,5.352779388427734,2.0
1305,28.13060188293457,-28.367515563964844,2.0
1306,14.330862045288086,-21.00705909729004,1.0
1307,16.09463882446289,-38.77742385864258,1.0
1308,-16.427539825439453,-31.25520896911621,1.0
1309,9.62038516998291,-43.24021530151367,1.0
1310,-33.41230010986328,-39.30607604980469,1.0
1311,9.727131843566895,-24.853954315185547,1.0
1312,-39.70072937011719,8.888869285583496,1.0
1313,50.469058990478516,1.302659034729004,2.0
1314,21.245668411254883,-23.472572326660156,2.0
1315,-8.51734447479248,-15.47836971282959,2.0
1316,-72.20506286621094,12.803977012634277,1.0
1317,6.180046558380127,-24.23072052001953,1.0
1318,8.120203971862793,-23.997831344604492,1.0
1319,15.242830276489258,25.626821517944336,1.0
1320,36.34821319580078,4.317579746246338,3.0
1321,-34.73344421386719,-34.1536979675293,1.0
1322,9.58344554901123,-24.821611404418945,1.0
1323,19.72751235961914,-24.00406265258789,2.0
1324,11.527253150939941,13.407482147216797,1.0
1325,49.204994201660156,-0.4377595782279968,1.0
1326,-32.82137680053711,-10.67448616027832,2.0
1327,-16.292034149169922,-32.54838562011719,1.0
1328,-59.862274169921875,13.078961372375488,0.0
1329,28.59464454650879,-27.252840042114258,2.0
1330,16.857667922973633,-35.798892974853516,2.0
1331,-36.27046203613281,-1.2453316450119019,2.0
1332,12.799723625183105,-19.85569190979004,3.0
1333,3.7617404460906982,18.41154670715332,1.0
1334,8.53615951538086,-26.942975997924805,1.0
1335,-1.1962944269180298,19.98149871826172,1.0
1336,51.748260498046875,4.824631690979004,4.0
1337,-38.956748962402344,4.53314208984375,1.0
1338,10.545218467712402,-22.670886993408203,1.0
1339,4.121532917022705,-8.10715389251709,1.0
1340,-15.286283493041992,19.766735076904297,1.0
1341,0.7655735611915588,-20.192792892456055,1.0
1342,-35.244625091552734,-34.92763137817383,1.0
1343,9.545863151550293,-20.979469299316406,1.0
1344,24.211809158325195,-24.82489776611328,2.0
1345,13.499268531799316,25.48455047607422,1.0
1346,-16.513639450073242,-31.921607971191406,1.0
1347,17.688905715942383,-37.126399993896484,2.0
1348,-5.581618309020996,34.15589904785156,1.0
1349,-36.35840606689453,-8.118464469909668,1.0
1350,8.769618034362793,17.962392807006836,1.0
1351,13.928977966308594,26.003618240356445,1.0
1352,-5.264764308929443,21.515724182128906,1.0
1353,49.92879867553711,5.450157165527344,2.0
1354,-27.80048179626465,-30.802385330200195,0.0
1355,22.069252014160156,17.36808204650879,1.0
1356,19.483917236328125,-25.727632522583008,3.0
1357,5.026363372802734,-8.455252647399902,2.0
1358,-29.67655372619629,9.3805570602417,1.0
1359,23.730989456176758,18.76362419128418,2.0
1360,8.507258415222168,-19.255861282348633,1.0
1361,18.22081184387207,-41.259552001953125,1.0
1362,-0.6074172854423523,19.191646575927734,1.0
1363,28.518051147460938,-28.278453826904297,3.0
1364,27.470613479614258,-25.317947387695312,2.0
1365,8.116310119628906,-25.655702590942383,1.0
1366,12.708539009094238,-44.518741607666016,1.0
1367,19.495702743530273,19.955102920532227,1.0
1368,34.32543182373047,5.865982532501221,2.0
1369,6.5125203132629395,-23.115068435668945,1.0
1370,-25.16154670715332,1.110990047454834,1.0
1371,6.994699954986572,-23.893138885498047,1.0
1372,14.615751266479492,26.720924377441406,1.0
1373,18.003808975219727,19.564054489135742,1.0
1374,10.036269187927246,14.101527214050293,0.0
1375,-5.58371639251709,19.412858963012695,1.0
1376,1.3048573732376099,-17.719764709472656,1.0
1377,-3.5904884338378906,18.760618209838867,1.0
1378,-8.858200073242188,9.909403800964355,2.0
1379,-21.6837215423584,-37.47271728515625,1.0
1380,20.340829849243164,-29.739423751831055,1.0
1381,34.34401321411133,4.718272686004639,2.0
1382,49.6132926940918,-0.07879409939050674,1.0
1383,21.42284393310547,14.264545440673828,2.0
1384,-68.42823028564453,11.492908477783203,1.0
1385,-29.475811004638672,-32.2995491027832,1.0
1386,12.197774887084961,-23.56526756286621,1.0
1387,-34.689910888671875,-37.41669464111328,1.0
1388,28.973276138305664,-27.48754119873047,2.0
1389,20.16946029663086,16.76886558532715,0.0
1390,7.9783220291137695,20.19158172607422,1.0
1391,-15.628190040588379,19.63943862915039,1.0
1392,24.009441375732422,18.042858123779297,1.0
1393,-36.661842346191406,-38.421142578125,2.0
1394,49.15672302246094,5.102578163146973,4.0
1395,19.83689308166504,-23.149812698364258,2.0
1396,4.707033157348633,17.472736358642578,1.0
1397,-26.184362411499023,5.40972900390625,1.0
1398,15.801346778869629,-22.320514678955078,1.0
1399,52.66259002685547,4.689317226409912,2.0
1400,-32.943145751953125,-31.54843521118164,1.0
1401,-24.85356330871582,2.5112016201019287,2.0
1402,-36.44686508178711,-1.6345587968826294,3.0
1403,15.1873779296875,-21.864416122436523,1.0
1404,14.87673282623291,-44.49107360839844,1.0
1405,5.44159460067749,18.453310012817383,1.0
1406,23.79529571533203,19.019800186157227,1.0
1407,-38.33641815185547,-0.1483415961265564,1.0
1408,20.59333610534668,-23.379093170166016,2.0
1409,-32.14145278930664,9.47111701965332,1.0
1410,-66.88805389404297,12.0435152053833,1.0
1411,-39.63693618774414,8.891490936279297,1.0
1412,7.423305034637451,16.979705810546875,1.0
1413,-36.286251068115234,-38.817474365234375,1.0
1414,23.05320930480957,17.005584716796875,2.0
1415,27.18747901916504,-25.260211944580078,2.0
1416,20.37697410583496,16.73731231689453,1.0
1417,-23.697799682617188,-46.392459869384766,3.0
1418,6.995716571807861,18.122631072998047,1.0
1419,17.017147064208984,-42.68227767944336,2.0
1420,-35.45751953125,-8.433021545410156,2.0
1421,14.607645034790039,-24.937023162841797,1.0
1422,-35.622337341308594,-38.830230712890625,1.0
1423,9.83564567565918,10.91628646850586,2.0
1424,-25.743242263793945,2.947167158126831,2.0
1425,9.438666343688965,-46.4365119934082,1.0
1426,50.82036209106445,0.7555516958236694,3.0
1427,9.08363151550293,9.228708267211914,3.0
1428,9.135180473327637,17.109357833862305,1.0
1429,28.346975326538086,-30.68022346496582,3.0
1430,-26.474416732788086,-11.172903060913086,1.0
1431,17.367321014404297,-40.8355598449707,1.0
1432,26.24830436706543,-27.049352645874023,2.0
1433,3.5173871517181396,10.508996963500977,2.0
1434,18.024314880371094,-36.851680755615234,2.0
1435,28.4917049407959,-28.887691497802734,2.0
1436,5.872265338897705,18.96414566040039,1.0
1437,-2.159865379333496,19.81232261657715,1.0
1438,15.447952270507812,-25.781166076660156,1.0
1439,-18.430692672729492,-29.386465072631836,1.0
1440,-26.92869758605957,-11.464869499206543,2.0
1441,27.994754791259766,21.435766220092773,2.0
1442,-34.641475677490234,-37.44400405883789,1.0
1443,49.71455383300781,0.2078520655632019,2.0
1444,9.478133201599121,-21.18790626525879,1.0
1445,15.511874198913574,-42.07373809814453,2.0
1446,17.270748138427734,-42.125492095947266,2.0
1447,11.535626411437988,15.757404327392578,1.0
1448,-24.346193313598633,3.774301528930664,1.0
1449,-8.93895149230957,9.919325828552246,1.0
1450,-13.093952178955078,19.781293869018555,1.0
