,mean_fit_time,mean_score_time,mean_test_score,mean_train_score,param_NN__alpha,param_NN__hidden_layer_sizes,param_km__n_clusters,params,rank_test_score,split0_test_score,split0_train_score,split1_test_score,split1_train_score,split2_test_score,split2_train_score,split3_test_score,split3_train_score,split4_test_score,split4_train_score,std_fit_time,std_score_time,std_test_score,std_train_score
0,0.046869421005249025,0.0006888389587402343,0.627842866988284,0.6278434193499093,0.1,"(100,)",2,"{'NN__alpha': 0.1, 'NN__hidden_layer_sizes': (100,), 'km__n_clusters': 2}",70,0.6267123287671232,0.6281276962899051,0.6254295532646048,0.628448275862069,0.6275862068965518,0.627906976744186,0.6275862068965518,0.627906976744186,0.6319444444444444,0.6268271711092004,0.003390162509586198,7.118164662250758e-05,0.0021887550862273665,0.0005454364033310899
1,0.07227644920349122,0.0005987644195556641,0.6009648518263266,0.618040590243963,0.1,"(100,)",5,"{'NN__alpha': 0.1, 'NN__hidden_layer_sizes': (100,), 'km__n_clusters': 5}",117,0.636986301369863,0.6272648835202761,0.6254295532646048,0.628448275862069,0.6275862068965518,0.627906976744186,0.6275862068965518,0.627906976744186,0.4861111111111111,0.5786758383490972,0.005397218964807144,2.714899903748401e-05,0.05729495440561863,0.01968594606952215
2,0.10873456001281738,0.0006540298461914062,0.6492074431426602,0.6405682256795803,0.1,"(100,)",10,"{'NN__alpha': 0.1, 'NN__hidden_layer_sizes': (100,), 'km__n_clusters': 10}",48,0.6267123287671232,0.6160483175150993,0.6254295532646048,0.628448275862069,0.6758620689655173,0.6494401378122309,0.6275862068965518,0.627906976744186,0.6909722222222222,0.6809974204643164,0.00989223867143192,8.423776139604569e-05,0.028228793663990136,0.022898283430900262
3,0.14792051315307617,0.0006805896759033203,0.653342522398346,0.660750325543586,0.1,"(100,)",15,"{'NN__alpha': 0.1, 'NN__hidden_layer_sizes': (100,), 'km__n_clusters': 15}",37,0.6746575342465754,0.6893874029335634,0.6701030927835051,0.6646551724137931,0.6275862068965518,0.627906976744186,0.6275862068965518,0.627906976744186,0.6666666666666666,0.6938950988822012,0.015211552077193918,4.673262024595637e-05,0.021170200895984863,0.0286051643970301
4,0.16711907386779784,0.0008041858673095703,0.6602343211578222,0.658152369102057,0.1,"(100,)",20,"{'NN__alpha': 0.1, 'NN__hidden_layer_sizes': (100,), 'km__n_clusters': 20}",25,0.6438356164383562,0.6272648835202761,0.697594501718213,0.7094827586206897,0.6310344827586207,0.6227390180878553,0.6310344827586207,0.6365202411714039,0.6979166666666666,0.6947549441100602,0.010320137258271602,0.0001263450215492094,0.0309305569290838,0.03647094333789293
5,0.19668784141540527,0.0006697177886962891,0.627842866988284,0.6244006269153173,0.1,"(100,)",25,"{'NN__alpha': 0.1, 'NN__hidden_layer_sizes': (100,), 'km__n_clusters': 25}",70,0.6267123287671232,0.6238136324417601,0.6288659793814433,0.6293103448275862,0.6275862068965518,0.627906976744186,0.6275862068965518,0.6253229974160207,0.6284722222222222,0.6156491831470335,0.011508332730063417,2.0293889186903684e-05,0.0007563639616596809,0.004778763793753548
6,0.21579971313476562,0.0007269859313964843,0.638869745003446,0.6511279218260542,0.1,"(100,)",30,"{'NN__alpha': 0.1, 'NN__hidden_layer_sizes': (100,), 'km__n_clusters': 30}",53,0.6883561643835616,0.6988783433994823,0.6116838487972509,0.6672413793103448,0.6275862068965518,0.627906976744186,0.6275862068965518,0.627906976744186,0.6388888888888888,0.6337059329320722,0.02036304140348626,3.592752027444563e-05,0.026304627117608028,0.02800605845366481
7,0.23103389739990235,0.0007981300354003906,0.6747070985527223,0.6774926858888858,0.1,"(100,)",35,"{'NN__alpha': 0.1, 'NN__hidden_layer_sizes': (100,), 'km__n_clusters': 35}",14,0.702054794520548,0.7126833477135461,0.6907216494845361,0.6939655172413793,0.6551724137931034,0.6752799310938846,0.6862068965517242,0.6683893195521102,0.6388888888888888,0.6371453138435081,0.006352841853994797,9.420504282632766e-05,0.02364919253152298,0.025398483599765407
8,0.26180315017700195,0.000785207748413086,0.6871123363197794,0.6965886460459112,0.1,"(100,)",40,"{'NN__alpha': 0.1, 'NN__hidden_layer_sizes': (100,), 'km__n_clusters': 40}",5,0.6815068493150684,0.6971527178602244,0.6838487972508591,0.7129310344827586,0.6827586206896552,0.7019810508182601,0.6827586206896552,0.6658053402239449,0.7048611111111112,0.705073086844368,0.011012843239304732,0.00012360356818072625,0.008863530171297441,0.016223856009300514
9,0.29582791328430175,0.0007554054260253906,0.7195037904893177,0.7163994663148563,0.1,"(100,)",50,"{'NN__alpha': 0.1, 'NN__hidden_layer_sizes': (100,), 'km__n_clusters': 50}",1,0.7294520547945206,0.7066436583261432,0.7044673539518901,0.7232758620689655,0.7103448275862069,0.7217915590008613,0.7206896551724138,0.7114556416881999,0.7326388888888888,0.7188306104901118,0.008470982919251331,2.4937078966675747e-05,0.010795892532323116,0.006354323497497634
10,0.03833465576171875,0.0004959583282470703,0.627842866988284,0.6278434193499093,0.1,"(50,)",2,"{'NN__alpha': 0.1, 'NN__hidden_layer_sizes': (50,), 'km__n_clusters': 2}",70,0.6267123287671232,0.6281276962899051,0.6254295532646048,0.628448275862069,0.6275862068965518,0.627906976744186,0.6275862068965518,0.627906976744186,0.6319444444444444,0.6268271711092004,0.0017473429664672975,2.368177074096761e-05,0.0021887550862273665,0.0005454364033310899
11,0.0683504581451416,0.0005114078521728516,0.6271536871123363,0.6250871747331995,0.1,"(50,)",5,"{'NN__alpha': 0.1, 'NN__hidden_layer_sizes': (50,), 'km__n_clusters': 5}",90,0.6267123287671232,0.6281276962899051,0.6254295532646048,0.628448275862069,0.6275862068965518,0.627906976744186,0.6241379310344828,0.6141257536606374,0.6319444444444444,0.6268271711092004,0.0056850266329974255,1.270840358453129e-05,0.002654417487376514,0.0055076927081119526
12,0.1074552059173584,0.0005317211151123046,0.6305995864920745,0.6386925745479506,0.1,"(50,)",10,"{'NN__alpha': 0.1, 'NN__hidden_layer_sizes': (50,), 'km__n_clusters': 10}",61,0.6267123287671232,0.6281276962899051,0.6116838487972509,0.621551724137931,0.6482758620689655,0.657192075796727,0.6310344827586207,0.652885443583118,0.6354166666666666,0.6337059329320722,0.009497070148501036,1.3189008933998424e-05,0.0119117483036435,0.01395679818507163
13,0.1346892833709717,0.0006482124328613282,0.6237077877325982,0.6340454428667999,0.1,"(50,)",15,"{'NN__alpha': 0.1, 'NN__hidden_layer_sizes': (50,), 'km__n_clusters': 15}",101,0.6267123287671232,0.6617773943054357,0.6082474226804123,0.603448275862069,0.6275862068965518,0.627906976744186,0.6241379310344828,0.6304909560723514,0.6319444444444444,0.646603611349957,0.010398757937563957,0.00011572037179141671,0.008140146577158546,0.019561546450482886
14,0.15181636810302734,0.0006613254547119141,0.627842866988284,0.6274985917637024,0.1,"(50,)",20,"{'NN__alpha': 0.1, 'NN__hidden_layer_sizes': (50,), 'km__n_clusters': 20}",70,0.6267123287671232,0.6281276962899051,0.6254295532646048,0.6267241379310344,0.6275862068965518,0.627906976744186,0.6275862068965518,0.627906976744186,0.6319444444444444,0.6268271711092004,0.00809892181920851,0.0001167542768375307,0.0021887550862273665,0.000596642861967518
15,0.18732151985168458,0.0006031513214111329,0.6099241902136457,0.6054388245704871,0.1,"(50,)",25,"{'NN__alpha': 0.1, 'NN__hidden_layer_sizes': (50,), 'km__n_clusters': 25}",109,0.6061643835616438,0.6082830025884383,0.5979381443298969,0.6025862068965517,0.6206896551724138,0.615848406546081,0.593103448275862,0.5770887166236004,0.6319444444444444,0.6233877901977644,0.007763989134681703,2.9916886428808264e-05,0.014408737205677704,0.01581442481272944
16,0.20308256149291992,0.0006254673004150391,0.6057891109579601,0.6137008682943994,0.1,"(50,)",30,"{'NN__alpha': 0.1, 'NN__hidden_layer_sizes': (50,), 'km__n_clusters': 30}",113,0.6061643835616438,0.5936151855047455,0.5360824742268041,0.5862068965517241,0.6206896551724138,0.6373815676141258,0.6517241379310345,0.6313522825150732,0.6145833333333334,0.6199484092863284,0.009726687402711627,2.3971491296969044e-05,0.03815691185927504,0.020350591382171476
17,0.21987791061401368,0.00064544677734375,0.6257753273604411,0.6281906191783335,0.1,"(50,)",35,"{'NN__alpha': 0.1, 'NN__hidden_layer_sizes': (50,), 'km__n_clusters': 35}",97,0.6267123287671232,0.6281276962899051,0.6185567010309279,0.6353448275862069,0.6241379310344828,0.6270456503014643,0.6275862068965518,0.627906976744186,0.6319444444444444,0.6225279449699054,0.01087266293527219,3.204629522197409e-05,0.0044013944263671615,0.004114460916898352
18,0.2448349952697754,0.0006806373596191407,0.627842866988284,0.6324930927464731,0.1,"(50,)",40,"{'NN__alpha': 0.1, 'NN__hidden_layer_sizes': (50,), 'km__n_clusters': 40}",70,0.6267123287671232,0.6212251941328731,0.6254295532646048,0.628448275862069,0.6724137931034483,0.6950904392764858,0.5827586206896552,0.5934539190353144,0.6319444444444444,0.6242476354256233,0.015708158984023935,6.969679357390676e-05,0.028426073887473337,0.03362677066229585
19,0.27553648948669435,0.0006604671478271484,0.6333563059958649,0.6414758611100474,0.1,"(50,)",50,"{'NN__alpha': 0.1, 'NN__hidden_layer_sizes': (50,), 'km__n_clusters': 50}",57,0.6541095890410958,0.6962899050905953,0.6254295532646048,0.628448275862069,0.6275862068965518,0.627906976744186,0.6275862068965518,0.627906976744186,0.6319444444444444,0.6268271711092004,0.013349909672008357,2.508063731368721e-05,0.010629179440404733,0.02741208040081574
20,0.050335359573364255,0.0006343841552734375,0.6188835286009648,0.6230199912706672,0.1,"(50, 50)",2,"{'NN__alpha': 0.1, 'NN__hidden_layer_sizes': (50, 50), 'km__n_clusters': 2}",108,0.6267123287671232,0.6281276962899051,0.6254295532646048,0.628448275862069,0.5827586206896552,0.6037898363479759,0.6275862068965518,0.627906976744186,0.6319444444444444,0.6268271711092004,0.002663031268661651,4.0359526365590414e-05,0.0181864077714099,0.009630483143236626
21,0.08409595489501953,0.0006379127502441406,0.627842866988284,0.6278434193499093,0.1,"(50, 50)",5,"{'NN__alpha': 0.1, 'NN__hidden_layer_sizes': (50, 50), 'km__n_clusters': 5}",70,0.6267123287671232,0.6281276962899051,0.6254295532646048,0.628448275862069,0.6275862068965518,0.627906976744186,0.6275862068965518,0.627906976744186,0.6319444444444444,0.6268271711092004,0.00378332409889016,3.382876514042913e-05,0.0021887550862273665,0.0005454364033310899
22,0.12559080123901367,0.0007092475891113282,0.6560992419021364,0.6535109473430186,0.1,"(50, 50)",10,"{'NN__alpha': 0.1, 'NN__hidden_layer_sizes': (50, 50), 'km__n_clusters': 10}",33,0.6267123287671232,0.6281276962899051,0.6254295532646048,0.628448275862069,0.7068965517241379,0.7011197243755384,0.6896551724137931,0.6830318690783808,0.6319444444444444,0.6268271711092004,0.021803600166246686,0.0001280803957215657,0.034914220401132054,0.03200797188364623
23,0.14295248985290526,0.0007121562957763672,0.6292212267401792,0.6350661192639249,0.1,"(50, 50)",15,"{'NN__alpha': 0.1, 'NN__hidden_layer_sizes': (50, 50), 'km__n_clusters': 15}",65,0.6267123287671232,0.6281276962899051,0.6254295532646048,0.628448275862069,0.6275862068965518,0.627906976744186,0.6275862068965518,0.627906976744186,0.6388888888888888,0.6629406706792778,0.008563161477503169,5.515338593005633e-05,0.004875409163653967,0.01393868591009145
24,0.1635279655456543,0.0006726264953613281,0.6416264645072364,0.6509557876505414,0.1,"(50, 50)",20,"{'NN__alpha': 0.1, 'NN__hidden_layer_sizes': (50, 50), 'km__n_clusters': 20}",49,0.6643835616438356,0.6738567730802416,0.6632302405498282,0.6956896551724138,0.6275862068965518,0.6347975882859603,0.6275862068965518,0.627906976744186,0.625,0.6225279449699054,0.004233315498856716,3.695946326595291e-05,0.018206795845919197,0.028726473391257872
25,0.21019482612609863,0.0007217884063720703,0.6781529979324604,0.6786804524238471,0.1,"(50, 50)",25,"{'NN__alpha': 0.1, 'NN__hidden_layer_sizes': (50, 50), 'km__n_clusters': 25}",11,0.7294520547945206,0.7135461604831751,0.6426116838487973,0.6474137931034483,0.6724137931034483,0.7071490094745909,0.6896551724137931,0.6580534022394487,0.65625,0.6672398968185727,0.013652533035324502,4.869943289332186e-05,0.03018546762579183,0.02668348491466095
26,0.22097043991088866,0.0007272720336914063,0.673328738800827,0.6812921694271405,0.1,"(50, 50)",30,"{'NN__alpha': 0.1, 'NN__hidden_layer_sizes': (50, 50), 'km__n_clusters': 30}",15,0.6883561643835616,0.724762726488352,0.6872852233676976,0.7051724137931035,0.7,0.6985357450473729,0.6586206896551724,0.6511627906976745,0.6319444444444444,0.6268271711092004,0.021194503670006273,2.844588443378684e-05,0.024695199399197332,0.0364184343616187
27,0.24425578117370605,0.0007189273834228516,0.6560992419021364,0.6657683779589082,0.1,"(50, 50)",35,"{'NN__alpha': 0.1, 'NN__hidden_layer_sizes': (50, 50), 'km__n_clusters': 35}",33,0.6506849315068494,0.6712683347713546,0.6907216494845361,0.696551724137931,0.6793103448275862,0.7062876830318691,0.6275862068965518,0.627906976744186,0.6319444444444444,0.6268271711092004,0.012517612952389748,3.634162401754412e-05,0.02514502000361267,0.03337538405281922
28,0.2611715793609619,0.0007135391235351563,0.6609235010337698,0.6634977782024837,0.1,"(50, 50)",40,"{'NN__alpha': 0.1, 'NN__hidden_layer_sizes': (50, 50), 'km__n_clusters': 40}",23,0.6917808219178082,0.636755823986195,0.6494845360824743,0.6862068965517242,0.6931034482758621,0.6890611541774333,0.6275862068965518,0.627906976744186,0.6423611111111112,0.6775580395528805,0.01237370443056979,8.60740602077204e-06,0.026745787069470582,0.025879406718191767
29,0.29646801948547363,0.0007655143737792969,0.6643694004135079,0.6638733204979061,0.1,"(50, 50)",50,"{'NN__alpha': 0.1, 'NN__hidden_layer_sizes': (50, 50), 'km__n_clusters': 50}",20,0.6643835616438356,0.6945642795513374,0.6460481099656358,0.6543103448275862,0.6241379310344828,0.6244616709732989,0.7310344827586207,0.7166236003445305,0.65625,0.6294067067927773,0.022538751226756786,2.210097790900142e-05,0.03594619894223683,0.03621381800842535
30,0.04712123870849609,0.0008131980895996094,0.627842866988284,0.6278434193499093,0.01,"(100,)",2,"{'NN__alpha': 0.01, 'NN__hidden_layer_sizes': (100,), 'km__n_clusters': 2}",70,0.6267123287671232,0.6281276962899051,0.6254295532646048,0.628448275862069,0.6275862068965518,0.627906976744186,0.6275862068965518,0.627906976744186,0.6319444444444444,0.6268271711092004,0.005444446483532033,0.0002650774346305207,0.0021887550862273665,0.0005454364033310899
31,0.07184596061706543,0.0006602287292480468,0.6009648518263266,0.618040590243963,0.01,"(100,)",5,"{'NN__alpha': 0.01, 'NN__hidden_layer_sizes': (100,), 'km__n_clusters': 5}",117,0.636986301369863,0.6272648835202761,0.6254295532646048,0.628448275862069,0.6275862068965518,0.627906976744186,0.6275862068965518,0.627906976744186,0.4861111111111111,0.5786758383490972,0.0034154478723711595,0.00015724650803567998,0.05729495440561863,0.01968594606952215
32,0.11026673316955567,0.000624847412109375,0.6498966230186078,0.6405682256795803,0.01,"(100,)",10,"{'NN__alpha': 0.01, 'NN__hidden_layer_sizes': (100,), 'km__n_clusters': 10}",45,0.6267123287671232,0.6160483175150993,0.6254295532646048,0.628448275862069,0.6793103448275862,0.6494401378122309,0.6275862068965518,0.627906976744186,0.6909722222222222,0.6809974204643164,0.011676533422901455,3.2420508700796884e-05,0.02890512011027849,0.022898283430900262
33,0.14471812248229982,0.0007087230682373047,0.653342522398346,0.6605783564980141,0.01,"(100,)",15,"{'NN__alpha': 0.01, 'NN__hidden_layer_sizes': (100,), 'km__n_clusters': 15}",37,0.6746575342465754,0.6893874029335634,0.6701030927835051,0.6646551724137931,0.6275862068965518,0.627906976744186,0.6275862068965518,0.627906976744186,0.6666666666666666,0.6930352536543423,0.011529736557195783,8.064521742314249e-05,0.021170200895984863,0.028407287331214635
34,0.16347322463989258,0.0006768226623535157,0.6595451412818746,0.6584974942099086,0.01,"(100,)",20,"{'NN__alpha': 0.01, 'NN__hidden_layer_sizes': (100,), 'km__n_clusters': 20}",26,0.6404109589041096,0.6289905090595341,0.697594501718213,0.7094827586206897,0.6310344827586207,0.6227390180878553,0.6310344827586207,0.6365202411714039,0.6979166666666666,0.6947549441100602,0.007086662977989004,2.2363306868269875e-05,0.03132391901830013,0.03618405808820676
35,0.19435739517211914,0.00070037841796875,0.627842866988284,0.6245725959608891,0.01,"(100,)",25,"{'NN__alpha': 0.01, 'NN__hidden_layer_sizes': (100,), 'km__n_clusters': 25}",70,0.6267123287671232,0.6238136324417601,0.6288659793814433,0.6293103448275862,0.6275862068965518,0.627906976744186,0.6275862068965518,0.6253229974160207,0.6284722222222222,0.6165090283748925,0.012464524585961683,6.909707721298719e-05,0.0007563639616596809,0.004465973795558512
36,0.2107997417449951,0.0007777690887451171,0.6381805651274983,0.6514728981730835,0.01,"(100,)",30,"{'NN__alpha': 0.01, 'NN__hidden_layer_sizes': (100,), 'km__n_clusters': 30}",56,0.6883561643835616,0.6997411561691113,0.6116838487972509,0.6681034482758621,0.6275862068965518,0.627906976744186,0.6275862068965518,0.627906976744186,0.6354166666666666,0.6337059329320722,0.017258738125669717,8.358839777371728e-05,0.026340558790849004,0.02839989537358673
37,0.23278579711914063,0.000749969482421875,0.6685044796691937,0.6778318659453717,0.01,"(100,)",35,"{'NN__alpha': 0.01, 'NN__hidden_layer_sizes': (100,), 'km__n_clusters': 35}",18,0.6746575342465754,0.6980155306298533,0.6872852233676976,0.6922413793103448,0.6551724137931034,0.694229112833764,0.6862068965517242,0.6675279931093885,0.6388888888888888,0.6371453138435081,0.005769779624012888,4.739233636165574e-05,0.018724308951653536,0.023001953909994648
38,0.28060269355773926,0.0008543968200683594,0.684355616815989,0.695552527174508,0.01,"(100,)",40,"{'NN__alpha': 0.01, 'NN__hidden_layer_sizes': (100,), 'km__n_clusters': 40}",7,0.660958904109589,0.6885245901639344,0.6941580756013745,0.7155172413793104,0.6793103448275862,0.7028423772609819,0.6827586206896552,0.6658053402239449,0.7048611111111112,0.705073086844368,0.017442512939383748,8.535100090339391e-05,0.014781259427065555,0.01718522513141104
39,0.2993347644805908,0.0008294582366943359,0.7126119917298415,0.7120950591175778,0.01,"(100,)",50,"{'NN__alpha': 0.01, 'NN__hidden_layer_sizes': (100,), 'km__n_clusters': 50}",4,0.7294520547945206,0.7083692838654012,0.7044673539518901,0.7258620689655172,0.6793103448275862,0.6993970714900948,0.7206896551724138,0.7114556416881999,0.7291666666666666,0.7153912295786758,0.017194747020982705,6.788828268927729e-05,0.01895934285384076,0.00867092204472294
40,0.03917946815490723,0.0005143165588378906,0.627842866988284,0.6278434193499093,0.01,"(50,)",2,"{'NN__alpha': 0.01, 'NN__hidden_layer_sizes': (50,), 'km__n_clusters': 2}",70,0.6267123287671232,0.6281276962899051,0.6254295532646048,0.628448275862069,0.6275862068965518,0.627906976744186,0.6275862068965518,0.627906976744186,0.6319444444444444,0.6268271711092004,0.002271677317548764,2.651806291926885e-05,0.0021887550862273665,0.0005454364033310899
41,0.0705348014831543,0.000529336929321289,0.6271536871123363,0.6250871747331995,0.01,"(50,)",5,"{'NN__alpha': 0.01, 'NN__hidden_layer_sizes': (50,), 'km__n_clusters': 5}",90,0.6267123287671232,0.6281276962899051,0.6254295532646048,0.628448275862069,0.6275862068965518,0.627906976744186,0.6241379310344828,0.6141257536606374,0.6319444444444444,0.6268271711092004,0.007240041967587358,1.580080347905405e-05,0.002654417487376514,0.0055076927081119526
42,0.11011242866516113,0.0005429744720458985,0.6305995864920745,0.6386925745479506,0.01,"(50,)",10,"{'NN__alpha': 0.01, 'NN__hidden_layer_sizes': (50,), 'km__n_clusters': 10}",61,0.6267123287671232,0.6281276962899051,0.6116838487972509,0.621551724137931,0.6482758620689655,0.657192075796727,0.6310344827586207,0.652885443583118,0.6354166666666666,0.6337059329320722,0.011406048120195177,3.7140564336476936e-05,0.0119117483036435,0.01395679818507163
43,0.13634400367736815,0.0005887985229492187,0.6237077877325982,0.634045591371359,0.01,"(50,)",15,"{'NN__alpha': 0.01, 'NN__hidden_layer_sizes': (50,), 'km__n_clusters': 15}",101,0.6267123287671232,0.6617773943054357,0.6082474226804123,0.6043103448275862,0.6275862068965518,0.627906976744186,0.6241379310344828,0.6296296296296297,0.6319444444444444,0.646603611349957,0.009459542148072243,2.966931225241757e-05,0.008140146577158546,0.0193293815442794
44,0.15411624908447266,0.0005952358245849609,0.627842866988284,0.6274985917637024,0.01,"(50,)",20,"{'NN__alpha': 0.01, 'NN__hidden_layer_sizes': (50,), 'km__n_clusters': 20}",70,0.6267123287671232,0.6281276962899051,0.6254295532646048,0.6267241379310344,0.6275862068965518,0.627906976744186,0.6275862068965518,0.627906976744186,0.6319444444444444,0.6268271711092004,0.007894252670232449,2.681911240048974e-05,0.0021887550862273665,0.000596642861967518
45,0.19542427062988282,0.0006062984466552734,0.6099241902136457,0.6054388245704871,0.01,"(50,)",25,"{'NN__alpha': 0.01, 'NN__hidden_layer_sizes': (50,), 'km__n_clusters': 25}",109,0.6061643835616438,0.6082830025884383,0.5979381443298969,0.6025862068965517,0.6206896551724138,0.615848406546081,0.593103448275862,0.5770887166236004,0.6319444444444444,0.6233877901977644,0.011607455973975306,1.9520061611269783e-05,0.014408737205677704,0.01581442481272944
46,0.20090956687927247,0.0006260395050048829,0.6057891109579601,0.6138731335829437,0.01,"(50,)",30,"{'NN__alpha': 0.01, 'NN__hidden_layer_sizes': (50,), 'km__n_clusters': 30}",113,0.6061643835616438,0.5936151855047455,0.5360824742268041,0.5862068965517241,0.6206896551724138,0.6373815676141258,0.6517241379310345,0.632213608957795,0.6145833333333334,0.6199484092863284,0.006073641419851038,1.986094023720772e-05,0.03815691185927504,0.02050235895819165
47,0.21720733642578124,0.0006510257720947265,0.6257753273604411,0.6283630329714369,0.01,"(50,)",35,"{'NN__alpha': 0.01, 'NN__hidden_layer_sizes': (50,), 'km__n_clusters': 35}",97,0.6267123287671232,0.6281276962899051,0.6185567010309279,0.6362068965517241,0.6241379310344828,0.6270456503014643,0.6275862068965518,0.627906976744186,0.6319444444444444,0.6225279449699054,0.008955696566509243,4.3579003306553244e-05,0.0044013944263671615,0.004417540392277277
48,0.23610057830810546,0.0006460666656494141,0.627842866988284,0.6288755216870416,0.01,"(50,)",40,"{'NN__alpha': 0.01, 'NN__hidden_layer_sizes': (50,), 'km__n_clusters': 40}",70,0.6267123287671232,0.6212251941328731,0.6254295532646048,0.628448275862069,0.6724137931034483,0.6770025839793282,0.5827586206896552,0.5934539190353144,0.6319444444444444,0.6242476354256233,0.011419345567648424,4.180706325585597e-05,0.028426073887473337,0.027022329437826533
49,0.2841320514678955,0.0006665706634521485,0.6333563059958649,0.6414758611100474,0.01,"(50,)",50,"{'NN__alpha': 0.01, 'NN__hidden_layer_sizes': (50,), 'km__n_clusters': 50}",57,0.6541095890410958,0.6962899050905953,0.6254295532646048,0.628448275862069,0.6275862068965518,0.627906976744186,0.6275862068965518,0.627906976744186,0.6319444444444444,0.6268271711092004,0.01504849057145762,2.6215377719464327e-05,0.010629179440404733,0.02741208040081574
50,0.05058135986328125,0.0006144046783447266,0.6195727084769125,0.6230199912706672,0.01,"(50, 50)",2,"{'NN__alpha': 0.01, 'NN__hidden_layer_sizes': (50, 50), 'km__n_clusters': 2}",105,0.6267123287671232,0.6281276962899051,0.6254295532646048,0.628448275862069,0.5862068965517241,0.6037898363479759,0.6275862068965518,0.627906976744186,0.6319444444444444,0.6268271711092004,0.004494957457702979,2.2952664464108925e-05,0.016818258588556997,0.009630483143236626
51,0.08165283203125,0.0006134033203125,0.627842866988284,0.6278434193499093,0.01,"(50, 50)",5,"{'NN__alpha': 0.01, 'NN__hidden_layer_sizes': (50, 50), 'km__n_clusters': 5}",70,0.6267123287671232,0.6281276962899051,0.6254295532646048,0.628448275862069,0.6275862068965518,0.627906976744186,0.6275862068965518,0.627906976744186,0.6319444444444444,0.6268271711092004,0.006058852759036073,1.4999086953229903e-05,0.0021887550862273665,0.0005454364033310899
52,0.12063679695129395,0.0006488800048828125,0.6519641626464507,0.651271498591942,0.01,"(50, 50)",10,"{'NN__alpha': 0.01, 'NN__hidden_layer_sizes': (50, 50), 'km__n_clusters': 10}",42,0.6267123287671232,0.6281276962899051,0.6254295532646048,0.628448275862069,0.6862068965517242,0.689922480620155,0.6896551724137931,0.6830318690783808,0.6319444444444444,0.6268271711092004,0.01563733618792715,1.4200303440546078e-05,0.02945089923074616,0.028832897086618882
53,0.1480638027191162,0.0007560253143310547,0.6292212267401792,0.6350661192639249,0.01,"(50, 50)",15,"{'NN__alpha': 0.01, 'NN__hidden_layer_sizes': (50, 50), 'km__n_clusters': 15}",65,0.6267123287671232,0.6281276962899051,0.6254295532646048,0.628448275862069,0.6275862068965518,0.627906976744186,0.6275862068965518,0.627906976744186,0.6388888888888888,0.6629406706792778,0.021001036720213553,0.00012745590542544426,0.004875409163653967,0.01393868591009145
54,0.16346979141235352,0.0007006645202636719,0.6416264645072364,0.6509556391459823,0.01,"(50, 50)",20,"{'NN__alpha': 0.01, 'NN__hidden_layer_sizes': (50, 50), 'km__n_clusters': 20}",49,0.6643835616438356,0.6738567730802416,0.6632302405498282,0.6948275862068966,0.6275862068965518,0.6356589147286822,0.6275862068965518,0.627906976744186,0.625,0.6225279449699054,0.007835042178826256,3.5303794369573e-05,0.018206795845919197,0.028363970409552696
55,0.2052631378173828,0.000733041763305664,0.6581667815299793,0.6609062121041085,0.01,"(50, 50)",25,"{'NN__alpha': 0.01, 'NN__hidden_layer_sizes': (50, 50), 'km__n_clusters': 25}",29,0.6267123287671232,0.6238136324417601,0.6426116838487973,0.6474137931034483,0.6724137931034483,0.7080103359173127,0.6896551724137931,0.6580534022394487,0.6597222222222222,0.6672398968185727,0.01331833007284905,7.234447899556943e-05,0.022064547923614966,0.027658479361283916
56,0.22143454551696778,0.0008157730102539062,0.6753962784286699,0.6806017707068784,0.01,"(50, 50)",30,"{'NN__alpha': 0.01, 'NN__hidden_layer_sizes': (50, 50), 'km__n_clusters': 30}",12,0.6952054794520548,0.7213114754098361,0.6872852233676976,0.7043103448275863,0.7034482758620689,0.6993970714900948,0.6586206896551724,0.6511627906976745,0.6319444444444444,0.6268271711092004,0.01816624329435089,0.0001537748897803014,0.02637393497314423,0.03558370689302504
57,0.2455915927886963,0.0007701873779296875,0.6560992419021364,0.6662854710899226,0.01,"(50, 50)",35,"{'NN__alpha': 0.01, 'NN__hidden_layer_sizes': (50, 50), 'km__n_clusters': 35}",33,0.6506849315068494,0.6721311475409836,0.6907216494845361,0.696551724137931,0.6793103448275862,0.7080103359173127,0.6275862068965518,0.627906976744186,0.6319444444444444,0.6268271711092004,0.01289593954958335,5.8893848358460243e-05,0.02514502000361267,0.03382616921028727
58,0.2596704959869385,0.000739431381225586,0.6616126809097175,0.6633252166709668,0.01,"(50, 50)",40,"{'NN__alpha': 0.01, 'NN__hidden_layer_sizes': (50, 50), 'km__n_clusters': 40}",22,0.6917808219178082,0.636755823986195,0.6529209621993127,0.6862068965517242,0.6931034482758621,0.6873385012919897,0.6275862068965518,0.627906976744186,0.6423611111111112,0.6784178847807395,0.010251432693725691,8.624303631899525e-05,0.02648515553846623,0.025645202632367997
59,0.2960991859436035,0.00074462890625,0.6574776016540317,0.6578446299296165,0.01,"(50, 50)",50,"{'NN__alpha': 0.01, 'NN__hidden_layer_sizes': (50, 50), 'km__n_clusters': 50}",30,0.6643835616438356,0.6962899050905953,0.6460481099656358,0.6543103448275862,0.6931034482758621,0.6813092161929372,0.6275862068965518,0.627906976744186,0.65625,0.6294067067927773,0.015773791020687735,3.5799452741386916e-05,0.02164108602848123,0.027371867720279924
60,0.046270895004272464,0.0005879402160644531,0.627842866988284,0.6278434193499093,0.001,"(100,)",2,"{'NN__alpha': 0.001, 'NN__hidden_layer_sizes': (100,), 'km__n_clusters': 2}",70,0.6267123287671232,0.6281276962899051,0.6254295532646048,0.628448275862069,0.6275862068965518,0.627906976744186,0.6275862068965518,0.627906976744186,0.6319444444444444,0.6268271711092004,0.0029173736250002183,2.1157281367063465e-05,0.0021887550862273665,0.0005454364033310899
61,0.07403883934020997,0.0006984233856201172,0.6009648518263266,0.618040590243963,0.001,"(100,)",5,"{'NN__alpha': 0.001, 'NN__hidden_layer_sizes': (100,), 'km__n_clusters': 5}",117,0.636986301369863,0.6272648835202761,0.6254295532646048,0.628448275862069,0.6275862068965518,0.627906976744186,0.6275862068965518,0.627906976744186,0.4861111111111111,0.5786758383490972,0.006486442983422415,0.00022008737106801867,0.05729495440561863,0.01968594606952215
62,0.1160773754119873,0.0006433486938476563,0.6498966230186078,0.6405682256795803,0.001,"(100,)",10,"{'NN__alpha': 0.001, 'NN__hidden_layer_sizes': (100,), 'km__n_clusters': 10}",45,0.6267123287671232,0.6160483175150993,0.6254295532646048,0.628448275862069,0.6793103448275862,0.6494401378122309,0.6275862068965518,0.627906976744186,0.6909722222222222,0.6809974204643164,0.00891915671247606,2.0593955954532944e-05,0.02890512011027849,0.022898283430900262
63,0.14578042030334473,0.0006964683532714843,0.653342522398346,0.6605783564980141,0.001,"(100,)",15,"{'NN__alpha': 0.001, 'NN__hidden_layer_sizes': (100,), 'km__n_clusters': 15}",37,0.6746575342465754,0.6893874029335634,0.6701030927835051,0.6646551724137931,0.6275862068965518,0.627906976744186,0.6275862068965518,0.627906976744186,0.6666666666666666,0.6930352536543423,0.012172495566782775,5.0726464913007e-05,0.021170200895984863,0.028407287331214635
64,0.16499829292297363,0.0007755279541015625,0.6595451412818746,0.6586700567638344,0.001,"(100,)",20,"{'NN__alpha': 0.001, 'NN__hidden_layer_sizes': (100,), 'km__n_clusters': 20}",26,0.6404109589041096,0.6298533218291631,0.697594501718213,0.7094827586206897,0.6310344827586207,0.6227390180878553,0.6310344827586207,0.6365202411714039,0.6979166666666666,0.6947549441100602,0.008046472679352944,0.00014851149748607454,0.03132391901830013,0.03604471625132305
65,0.2000265598297119,0.0007325649261474609,0.6271536871123363,0.6244006269153173,0.001,"(100,)",25,"{'NN__alpha': 0.001, 'NN__hidden_layer_sizes': (100,), 'km__n_clusters': 25}",90,0.6267123287671232,0.6238136324417601,0.6288659793814433,0.6293103448275862,0.6275862068965518,0.627906976744186,0.6275862068965518,0.6253229974160207,0.625,0.6156491831470335,0.01621999965521113,0.00014635091776892087,0.0012738231028501948,0.004778763793753548
66,0.21449580192565917,0.0007188320159912109,0.638869745003446,0.6511276243044095,0.001,"(100,)",30,"{'NN__alpha': 0.001, 'NN__hidden_layer_sizes': (100,), 'km__n_clusters': 30}",53,0.6883561643835616,0.6971527178602244,0.6116838487972509,0.6689655172413793,0.6275862068965518,0.627906976744186,0.6275862068965518,0.627906976744186,0.6388888888888888,0.6337059329320722,0.0168526073459694,2.5444077230065048e-05,0.026304627117608028,0.02763480391737022
67,0.240111780166626,0.0007245063781738282,0.6691936595451413,0.6800717599538624,0.001,"(100,)",35,"{'NN__alpha': 0.001, 'NN__hidden_layer_sizes': (100,), 'km__n_clusters': 35}",17,0.6746575342465754,0.6971527178602244,0.6769759450171822,0.696551724137931,0.6724137931034483,0.7088716623600344,0.6827586206896552,0.6606373815676141,0.6388888888888888,0.6371453138435081,0.00356656739437654,2.910597764916018e-05,0.015468874595769285,0.026881806338254682
68,0.2671156883239746,0.0007265567779541016,0.6850447966919366,0.6905658696004574,0.001,"(100,)",40,"{'NN__alpha': 0.001, 'NN__hidden_layer_sizes': (100,), 'km__n_clusters': 40}",6,0.660958904109589,0.6885245901639344,0.711340206185567,0.7163793103448276,0.6827586206896552,0.7028423772609819,0.6827586206896552,0.6658053402239449,0.6875,0.6792777300085985,0.00708130199321467,3.0293085995683352e-05,0.016084225567829992,0.017673251515159465
69,0.29781150817871094,0.0007754802703857422,0.7160578911095796,0.7148515992111145,0.001,"(100,)",50,"{'NN__alpha': 0.001, 'NN__hidden_layer_sizes': (100,), 'km__n_clusters': 50}",2,0.7328767123287672,0.7083692838654012,0.7044673539518901,0.7241379310344828,0.6931034482758621,0.7166236003445305,0.7206896551724138,0.7114556416881999,0.7291666666666666,0.7136715391229579,0.011770994946521554,3.951268464030172e-05,0.015085471400079908,0.005372549270149146
70,0.03963623046875,0.0005894660949707031,0.627842866988284,0.6278434193499093,0.001,"(50,)",2,"{'NN__alpha': 0.001, 'NN__hidden_layer_sizes': (50,), 'km__n_clusters': 2}",70,0.6267123287671232,0.6281276962899051,0.6254295532646048,0.628448275862069,0.6275862068965518,0.627906976744186,0.6275862068965518,0.627906976744186,0.6319444444444444,0.6268271711092004,0.0019171009998131046,0.00012152834625279116,0.0021887550862273665,0.0005454364033310899
71,0.0700232982635498,0.0005309104919433594,0.6271536871123363,0.6250871747331995,0.001,"(50,)",5,"{'NN__alpha': 0.001, 'NN__hidden_layer_sizes': (50,), 'km__n_clusters': 5}",90,0.6267123287671232,0.6281276962899051,0.6254295532646048,0.628448275862069,0.6275862068965518,0.627906976744186,0.6241379310344828,0.6141257536606374,0.6319444444444444,0.6268271711092004,0.005281614456048322,1.063186479456207e-05,0.002654417487376514,0.0055076927081119526
72,0.10888385772705078,0.0006194114685058594,0.6305995864920745,0.6385201607548472,0.001,"(50,)",10,"{'NN__alpha': 0.001, 'NN__hidden_layer_sizes': (50,), 'km__n_clusters': 10}",61,0.6267123287671232,0.6281276962899051,0.6116838487972509,0.6206896551724138,0.6482758620689655,0.657192075796727,0.6310344827586207,0.652885443583118,0.6354166666666666,0.6337059329320722,0.0086601497288899,9.938640831660567e-05,0.0119117483036435,0.014171159434409324
73,0.134581995010376,0.0005960464477539062,0.6237077877325982,0.6342178566599033,0.001,"(50,)",15,"{'NN__alpha': 0.001, 'NN__hidden_layer_sizes': (50,), 'km__n_clusters': 15}",101,0.6267123287671232,0.6617773943054357,0.6082474226804123,0.6043103448275862,0.6275862068965518,0.627906976744186,0.6241379310344828,0.6304909560723514,0.6319444444444444,0.646603611349957,0.009082152160651953,1.9549160434274012e-05,0.008140146577158546,0.019293062441084842
74,0.15327892303466797,0.0006078243255615235,0.627842866988284,0.6274985917637024,0.001,"(50,)",20,"{'NN__alpha': 0.001, 'NN__hidden_layer_sizes': (50,), 'km__n_clusters': 20}",70,0.6267123287671232,0.6281276962899051,0.6254295532646048,0.6267241379310344,0.6275862068965518,0.627906976744186,0.6275862068965518,0.627906976744186,0.6319444444444444,0.6268271711092004,0.005977015378815808,4.663277253562775e-05,0.0021887550862273665,0.000596642861967518
75,0.18976707458496095,0.000708913803100586,0.6099241902136457,0.6054388245704871,0.001,"(50,)",25,"{'NN__alpha': 0.001, 'NN__hidden_layer_sizes': (50,), 'km__n_clusters': 25}",109,0.6061643835616438,0.6082830025884383,0.5979381443298969,0.6025862068965517,0.6206896551724138,0.615848406546081,0.593103448275862,0.5770887166236004,0.6319444444444444,0.6233877901977644,0.007502266371364714,0.0001086581629520684,0.014408737205677704,0.01581442481272944
76,0.20401835441589355,0.0006798744201660156,0.6057891109579601,0.6137008682943994,0.001,"(50,)",30,"{'NN__alpha': 0.001, 'NN__hidden_layer_sizes': (50,), 'km__n_clusters': 30}",113,0.6061643835616438,0.5936151855047455,0.5360824742268041,0.5862068965517241,0.6206896551724138,0.6373815676141258,0.6517241379310345,0.6313522825150732,0.6145833333333334,0.6199484092863284,0.004719081841479666,4.35980430412113e-05,0.03815691185927504,0.020350591382171476
77,0.22052979469299316,0.0006458282470703125,0.6257753273604411,0.6283630329714369,0.001,"(50,)",35,"{'NN__alpha': 0.001, 'NN__hidden_layer_sizes': (50,), 'km__n_clusters': 35}",97,0.6267123287671232,0.6281276962899051,0.6185567010309279,0.6362068965517241,0.6241379310344828,0.6270456503014643,0.6275862068965518,0.627906976744186,0.6319444444444444,0.6225279449699054,0.0076617340123367045,3.7273113490459984e-05,0.0044013944263671615,0.004417540392277277
78,0.24729304313659667,0.0006700515747070313,0.6271536871123363,0.6312872357266627,0.001,"(50,)",40,"{'NN__alpha': 0.001, 'NN__hidden_layer_sizes': (50,), 'km__n_clusters': 40}",90,0.6267123287671232,0.6212251941328731,0.6254295532646048,0.628448275862069,0.6724137931034483,0.6770025839793282,0.5793103448275863,0.6055124892334195,0.6319444444444444,0.6242476354256233,0.011046450834972117,8.898816247842876e-05,0.029531093793290122,0.02413748524266669
79,0.27462315559387207,0.000667572021484375,0.6333563059958649,0.6414758611100474,0.001,"(50,)",50,"{'NN__alpha': 0.001, 'NN__hidden_layer_sizes': (50,), 'km__n_clusters': 50}",57,0.6541095890410958,0.6962899050905953,0.6254295532646048,0.628448275862069,0.6275862068965518,0.627906976744186,0.6275862068965518,0.627906976744186,0.6319444444444444,0.6268271711092004,0.014679811542299156,3.2349105147746065e-05,0.010629179440404733,0.02741208040081574
80,0.04906415939331055,0.0006257534027099609,0.6195727084769125,0.6230199912706672,0.001,"(50, 50)",2,"{'NN__alpha': 0.001, 'NN__hidden_layer_sizes': (50, 50), 'km__n_clusters': 2}",105,0.6267123287671232,0.6281276962899051,0.6254295532646048,0.628448275862069,0.5862068965517241,0.6037898363479759,0.6275862068965518,0.627906976744186,0.6319444444444444,0.6268271711092004,0.0022929793671908026,2.0158766707630475e-05,0.016818258588556997,0.009630483143236626
81,0.08102660179138184,0.0006562232971191406,0.627842866988284,0.6278434193499093,0.001,"(50, 50)",5,"{'NN__alpha': 0.001, 'NN__hidden_layer_sizes': (50, 50), 'km__n_clusters': 5}",70,0.6267123287671232,0.6281276962899051,0.6254295532646048,0.628448275862069,0.6275862068965518,0.627906976744186,0.6275862068965518,0.627906976744186,0.6319444444444444,0.6268271711092004,0.0038719544103603914,3.9717014655881346e-05,0.0021887550862273665,0.0005454364033310899
82,0.11980032920837402,0.000649404525756836,0.6505858028945555,0.6510992333033977,0.001,"(50, 50)",10,"{'NN__alpha': 0.001, 'NN__hidden_layer_sizes': (50, 50), 'km__n_clusters': 10}",44,0.6267123287671232,0.6281276962899051,0.6254295532646048,0.628448275862069,0.6862068965517242,0.6890611541774333,0.6827586206896552,0.6830318690783808,0.6319444444444444,0.6268271711092004,0.01587242774936361,2.4436869250449782e-05,0.027767930738068054,0.028603115399950398
83,0.14340810775756835,0.0007079601287841797,0.6292212267401792,0.6350661192639249,0.001,"(50, 50)",15,"{'NN__alpha': 0.001, 'NN__hidden_layer_sizes': (50, 50), 'km__n_clusters': 15}",65,0.6267123287671232,0.6281276962899051,0.6254295532646048,0.628448275862069,0.6275862068965518,0.627906976744186,0.6275862068965518,0.627906976744186,0.6388888888888888,0.6629406706792778,0.00943567365038348,1.5725942001437807e-05,0.004875409163653967,0.01393868591009145
84,0.16422696113586427,0.0007437705993652344,0.6416264645072364,0.6509556391459823,0.001,"(50, 50)",20,"{'NN__alpha': 0.001, 'NN__hidden_layer_sizes': (50, 50), 'km__n_clusters': 20}",49,0.6643835616438356,0.6738567730802416,0.6632302405498282,0.6948275862068966,0.6275862068965518,0.6356589147286822,0.6275862068965518,0.627906976744186,0.625,0.6225279449699054,0.003942724388973446,3.6316902183371015e-05,0.018206795845919197,0.028363970409552696
85,0.21428709030151366,0.0008213996887207031,0.6795313576843556,0.6790240932496092,0.001,"(50, 50)",25,"{'NN__alpha': 0.001, 'NN__hidden_layer_sizes': (50, 50), 'km__n_clusters': 25}",9,0.7294520547945206,0.7126833477135461,0.6426116838487973,0.6474137931034483,0.6724137931034483,0.7080103359173127,0.6896551724137931,0.6580534022394487,0.6631944444444444,0.6689595872742906,0.011480421068548486,0.00016637690991021,0.029299387387992946,0.02650819840109954
86,0.21536993980407715,0.0007284641265869141,0.6650585802894555,0.668694805725176,0.001,"(50, 50)",30,"{'NN__alpha': 0.001, 'NN__hidden_layer_sizes': (50, 50), 'km__n_clusters': 30}",19,0.6404109589041096,0.6609145815358067,0.6907216494845361,0.7051724137931035,0.7034482758620689,0.6993970714900948,0.6586206896551724,0.6511627906976745,0.6319444444444444,0.6268271711092004,0.01276115558750842,1.5844775715591533e-05,0.027835538606744942,0.029644720545673076
87,0.2543698787689209,0.000762033462524414,0.6540317022742936,0.6645601448661523,0.001,"(50, 50)",35,"{'NN__alpha': 0.001, 'NN__hidden_layer_sizes': (50, 50), 'km__n_clusters': 35}",36,0.6541095890410958,0.6712683347713546,0.6632302405498282,0.6827586206896552,0.6931034482758621,0.7140396210163652,0.6275862068965518,0.627906976744186,0.6319444444444444,0.6268271711092004,0.021093865338272563,8.752779545929245e-05,0.023636550242248085,0.0334413963109267
88,0.2635711669921875,0.0007696151733398438,0.6609235010337698,0.6636695995096421,0.001,"(50, 50)",40,"{'NN__alpha': 0.001, 'NN__hidden_layer_sizes': (50, 50), 'km__n_clusters': 40}",23,0.6917808219178082,0.636755823986195,0.6494845360824743,0.6870689655172414,0.6931034482758621,0.6873385012919897,0.6275862068965518,0.627906976744186,0.6423611111111112,0.6792777300085985,0.007171700299401121,5.516142435510494e-05,0.026745787069470582,0.025902422584782595
89,0.29599409103393554,0.000746774673461914,0.6574776016540317,0.6576722161365129,0.001,"(50, 50)",50,"{'NN__alpha': 0.001, 'NN__hidden_layer_sizes': (50, 50), 'km__n_clusters': 50}",30,0.6643835616438356,0.6962899050905953,0.6460481099656358,0.653448275862069,0.6931034482758621,0.6813092161929372,0.6275862068965518,0.627906976744186,0.65625,0.6294067067927773,0.013031714175197035,3.0988325841297394e-05,0.02164108602848123,0.027396291127840852
90,0.045332717895507815,0.0006137371063232421,0.627842866988284,0.6278434193499093,0.0001,"(100,)",2,"{'NN__alpha': 0.0001, 'NN__hidden_layer_sizes': (100,), 'km__n_clusters': 2}",70,0.6267123287671232,0.6281276962899051,0.6254295532646048,0.628448275862069,0.6275862068965518,0.627906976744186,0.6275862068965518,0.627906976744186,0.6319444444444444,0.6268271711092004,0.0023011720744429026,4.9240311565179224e-05,0.0021887550862273665,0.0005454364033310899
91,0.0720407485961914,0.0006631851196289062,0.6009648518263266,0.618040590243963,0.0001,"(100,)",5,"{'NN__alpha': 0.0001, 'NN__hidden_layer_sizes': (100,), 'km__n_clusters': 5}",117,0.636986301369863,0.6272648835202761,0.6254295532646048,0.628448275862069,0.6275862068965518,0.627906976744186,0.6275862068965518,0.627906976744186,0.4861111111111111,0.5786758383490972,0.0031088348345344745,9.239654801353448e-05,0.05729495440561863,0.01968594606952215
92,0.11176109313964844,0.0006204128265380859,0.6498966230186078,0.6405682256795803,0.0001,"(100,)",10,"{'NN__alpha': 0.0001, 'NN__hidden_layer_sizes': (100,), 'km__n_clusters': 10}",45,0.6267123287671232,0.6160483175150993,0.6254295532646048,0.628448275862069,0.6793103448275862,0.6494401378122309,0.6275862068965518,0.627906976744186,0.6909722222222222,0.6809974204643164,0.014916838809315382,3.2151132145649855e-05,0.02890512011027849,0.022898283430900262
93,0.15085158348083497,0.0006811618804931641,0.653342522398346,0.6605783564980141,0.0001,"(100,)",15,"{'NN__alpha': 0.0001, 'NN__hidden_layer_sizes': (100,), 'km__n_clusters': 15}",37,0.6746575342465754,0.6893874029335634,0.6701030927835051,0.6646551724137931,0.6275862068965518,0.627906976744186,0.6275862068965518,0.627906976744186,0.6666666666666666,0.6930352536543423,0.014587975405746436,4.689324354261055e-05,0.021170200895984863,0.028407287331214635
94,0.169860315322876,0.0006779193878173828,0.6595451412818746,0.6586700567638344,0.0001,"(100,)",20,"{'NN__alpha': 0.0001, 'NN__hidden_layer_sizes': (100,), 'km__n_clusters': 20}",26,0.6404109589041096,0.6298533218291631,0.697594501718213,0.7094827586206897,0.6310344827586207,0.6227390180878553,0.6310344827586207,0.6365202411714039,0.6979166666666666,0.6947549441100602,0.00956818174575989,2.6629380841944754e-05,0.03132391901830013,0.03604471625132305
95,0.19455976486206056,0.0006730079650878907,0.6285320468642316,0.6266362245077508,0.0001,"(100,)",25,"{'NN__alpha': 0.0001, 'NN__hidden_layer_sizes': (100,), 'km__n_clusters': 25}",69,0.6267123287671232,0.6238136324417601,0.6288659793814433,0.6293103448275862,0.6275862068965518,0.627906976744186,0.6275862068965518,0.6253229974160207,0.6319444444444444,0.6268271711092004,0.013222324620664014,1.4465073490649118e-05,0.0018323703625536913,0.001923215157043755
96,0.21400794982910157,0.000722503662109375,0.638869745003446,0.6514727494122612,0.0001,"(100,)",30,"{'NN__alpha': 0.0001, 'NN__hidden_layer_sizes': (100,), 'km__n_clusters': 30}",53,0.6883561643835616,0.6988783433994823,0.6116838487972509,0.6689655172413793,0.6275862068965518,0.627906976744186,0.6275862068965518,0.627906976744186,0.6388888888888888,0.6337059329320722,0.01601916379822605,2.376955513176192e-05,0.026304627117608028,0.02821218998352376
97,0.23756775856018067,0.0007272720336914063,0.6719503790489317,0.6785246438137387,0.0001,"(100,)",35,"{'NN__alpha': 0.0001, 'NN__hidden_layer_sizes': (100,), 'km__n_clusters': 35}",16,0.6952054794520548,0.7118205349439172,0.6838487972508591,0.6862068965517242,0.6551724137931034,0.694229112833764,0.6862068965517242,0.6632213608957795,0.6388888888888888,0.6371453138435081,0.004112954286757696,2.278942418097511e-05,0.02123820464003802,0.02592567506290333
98,0.2694861888885498,0.0007246494293212891,0.6788421778084079,0.6893600125806468,0.0001,"(100,)",40,"{'NN__alpha': 0.0001, 'NN__hidden_layer_sizes': (100,), 'km__n_clusters': 40}",10,0.660958904109589,0.6885245901639344,0.6907216494845361,0.7163793103448276,0.6827586206896552,0.7028423772609819,0.6724137931034483,0.6597760551248923,0.6875,0.6792777300085985,0.01148482601765505,1.9730689601402287e-05,0.010902470018530792,0.019439020038386073
99,0.29605536460876464,0.0007916927337646484,0.7160578911095796,0.7145072181609937,0.0001,"(100,)",50,"{'NN__alpha': 0.0001, 'NN__hidden_layer_sizes': (100,), 'km__n_clusters': 50}",2,0.7294520547945206,0.7092320966350302,0.7079037800687286,0.725,0.6931034482758621,0.7123169681309216,0.7206896551724138,0.7114556416881999,0.7291666666666666,0.7145313843508169,0.011052912226910405,3.682238916506651e-05,0.01389754122060066,0.005514259261277693
100,0.039935636520385745,0.0004980087280273438,0.627842866988284,0.6278434193499093,0.0001,"(50,)",2,"{'NN__alpha': 0.0001, 'NN__hidden_layer_sizes': (50,), 'km__n_clusters': 2}",70,0.6267123287671232,0.6281276962899051,0.6254295532646048,0.628448275862069,0.6275862068965518,0.627906976744186,0.6275862068965518,0.627906976744186,0.6319444444444444,0.6268271711092004,0.0036683794370732537,1.1882146692821146e-05,0.0021887550862273665,0.0005454364033310899
101,0.06869015693664551,0.0005269050598144531,0.6271536871123363,0.6250871747331995,0.0001,"(50,)",5,"{'NN__alpha': 0.0001, 'NN__hidden_layer_sizes': (50,), 'km__n_clusters': 5}",90,0.6267123287671232,0.6281276962899051,0.6254295532646048,0.628448275862069,0.6275862068965518,0.627906976744186,0.6241379310344828,0.6141257536606374,0.6319444444444444,0.6268271711092004,0.005708621222487974,3.463787916734081e-05,0.002654417487376514,0.0055076927081119526
102,0.10708580017089844,0.0005343914031982422,0.6305995864920745,0.6385201607548472,0.0001,"(50,)",10,"{'NN__alpha': 0.0001, 'NN__hidden_layer_sizes': (50,), 'km__n_clusters': 10}",61,0.6267123287671232,0.6281276962899051,0.6116838487972509,0.6206896551724138,0.6482758620689655,0.657192075796727,0.6310344827586207,0.652885443583118,0.6354166666666666,0.6337059329320722,0.009856110883366567,2.323552662181206e-05,0.0119117483036435,0.014171159434409324
103,0.13637886047363282,0.0005771636962890625,0.6237077877325982,0.634045591371359,0.0001,"(50,)",15,"{'NN__alpha': 0.0001, 'NN__hidden_layer_sizes': (50,), 'km__n_clusters': 15}",101,0.6267123287671232,0.6617773943054357,0.6082474226804123,0.6043103448275862,0.6275862068965518,0.627906976744186,0.6241379310344828,0.6296296296296297,0.6319444444444444,0.646603611349957,0.008575558908963029,1.1860120175453581e-05,0.008140146577158546,0.0193293815442794
104,0.15139241218566896,0.0005824565887451172,0.627842866988284,0.6274985917637024,0.0001,"(50,)",20,"{'NN__alpha': 0.0001, 'NN__hidden_layer_sizes': (50,), 'km__n_clusters': 20}",70,0.6267123287671232,0.6281276962899051,0.6254295532646048,0.6267241379310344,0.6275862068965518,0.627906976744186,0.6275862068965518,0.627906976744186,0.6319444444444444,0.6268271711092004,0.00784487956941942,5.322664742422419e-06,0.0021887550862273665,0.000596642861967518
105,0.1933722972869873,0.0007055282592773437,0.6099241902136457,0.6054388245704871,0.0001,"(50,)",25,"{'NN__alpha': 0.0001, 'NN__hidden_layer_sizes': (50,), 'km__n_clusters': 25}",109,0.6061643835616438,0.6082830025884383,0.5979381443298969,0.6025862068965517,0.6206896551724138,0.615848406546081,0.593103448275862,0.5770887166236004,0.6319444444444444,0.6233877901977644,0.011767011327946185,0.00018148633972712926,0.014408737205677704,0.01581442481272944
106,0.20984177589416503,0.0006410121917724609,0.6057891109579601,0.613528603005855,0.0001,"(50,)",30,"{'NN__alpha': 0.0001, 'NN__hidden_layer_sizes': (50,), 'km__n_clusters': 30}",113,0.6061643835616438,0.5936151855047455,0.5360824742268041,0.5862068965517241,0.6206896551724138,0.6373815676141258,0.6517241379310345,0.6304909560723514,0.6145833333333334,0.6199484092863284,0.009954013644391593,3.28701669206543e-05,0.03815691185927504,0.020203559562482543
107,0.2203467845916748,0.0006896495819091797,0.6257753273604411,0.6283630329714369,0.0001,"(50,)",35,"{'NN__alpha': 0.0001, 'NN__hidden_layer_sizes': (50,), 'km__n_clusters': 35}",97,0.6267123287671232,0.6281276962899051,0.6185567010309279,0.6362068965517241,0.6241379310344828,0.6270456503014643,0.6275862068965518,0.627906976744186,0.6319444444444444,0.6225279449699054,0.01130948957218446,0.0001246856318984315,0.0044013944263671615,0.004417540392277277
108,0.2403494358062744,0.0006321430206298828,0.6271536871123363,0.6311149704381183,0.0001,"(50,)",40,"{'NN__alpha': 0.0001, 'NN__hidden_layer_sizes': (50,), 'km__n_clusters': 40}",90,0.6267123287671232,0.6212251941328731,0.6254295532646048,0.628448275862069,0.6724137931034483,0.6761412575366064,0.5793103448275863,0.6055124892334195,0.6319444444444444,0.6242476354256233,0.007849795397658864,2.774094171000951e-05,0.029531093793290122,0.023811479581143154
109,0.2779719829559326,0.0006780147552490235,0.6333563059958649,0.6414758611100474,0.0001,"(50,)",50,"{'NN__alpha': 0.0001, 'NN__hidden_layer_sizes': (50,), 'km__n_clusters': 50}",57,0.6541095890410958,0.6962899050905953,0.6254295532646048,0.628448275862069,0.6275862068965518,0.627906976744186,0.6275862068965518,0.627906976744186,0.6319444444444444,0.6268271711092004,0.01789545115000793,3.8606557407323284e-05,0.010629179440404733,0.02741208040081574
110,0.04969534873962402,0.0006253242492675782,0.6195727084769125,0.6230199912706672,0.0001,"(50, 50)",2,"{'NN__alpha': 0.0001, 'NN__hidden_layer_sizes': (50, 50), 'km__n_clusters': 2}",105,0.6267123287671232,0.6281276962899051,0.6254295532646048,0.628448275862069,0.5862068965517241,0.6037898363479759,0.6275862068965518,0.627906976744186,0.6319444444444444,0.6268271711092004,0.0037284253474017264,3.6539356586865786e-05,0.016818258588556997,0.009630483143236626
111,0.0812540054321289,0.0006228446960449219,0.627842866988284,0.6278434193499093,0.0001,"(50, 50)",5,"{'NN__alpha': 0.0001, 'NN__hidden_layer_sizes': (50, 50), 'km__n_clusters': 5}",70,0.6267123287671232,0.6281276962899051,0.6254295532646048,0.628448275862069,0.6275862068965518,0.627906976744186,0.6275862068965518,0.627906976744186,0.6319444444444444,0.6268271711092004,0.005735392981997916,2.629384034281067e-05,0.0021887550862273665,0.0005454364033310899
112,0.12458877563476563,0.0007291793823242188,0.6512749827705031,0.6517882944575751,0.0001,"(50, 50)",10,"{'NN__alpha': 0.0001, 'NN__hidden_layer_sizes': (50, 50), 'km__n_clusters': 10}",43,0.6267123287671232,0.6281276962899051,0.6254295532646048,0.628448275862069,0.6862068965517242,0.689922480620155,0.6862068965517242,0.6856158484065461,0.6319444444444444,0.6268271711092004,0.015257098262510035,0.00012045756058630439,0.02858855029653326,0.029414818078499643
113,0.14328861236572266,0.0007121562957763672,0.6292212267401792,0.6354100573550684,0.0001,"(50, 50)",15,"{'NN__alpha': 0.0001, 'NN__hidden_layer_sizes': (50, 50), 'km__n_clusters': 15}",65,0.6267123287671232,0.6281276962899051,0.6254295532646048,0.628448275862069,0.6275862068965518,0.627906976744186,0.6275862068965518,0.627906976744186,0.6388888888888888,0.6646603611349957,0.010766672180805752,3.781922930700269e-05,0.004875409163653967,0.014626495771472426
114,0.16482601165771485,0.0006771564483642578,0.6416264645072364,0.6509556391459823,0.0001,"(50, 50)",20,"{'NN__alpha': 0.0001, 'NN__hidden_layer_sizes': (50, 50), 'km__n_clusters': 20}",49,0.6643835616438356,0.6738567730802416,0.6632302405498282,0.6948275862068966,0.6275862068965518,0.6356589147286822,0.6275862068965518,0.627906976744186,0.625,0.6225279449699054,0.004142712713869885,3.604504145922418e-05,0.018206795845919197,0.028363970409552696
115,0.2173746109008789,0.000799560546875,0.6836664369400414,0.6828032576937109,0.0001,"(50, 50)",25,"{'NN__alpha': 0.0001, 'NN__hidden_layer_sizes': (50, 50), 'km__n_clusters': 25}",8,0.7191780821917808,0.7066436583261432,0.6426116838487973,0.6474137931034483,0.6724137931034483,0.7080103359173127,0.6896551724137931,0.6580534022394487,0.6944444444444444,0.6938950988822012,0.011451724254433339,0.0001193727897929886,0.025442868829834913,0.02526562876648301
116,0.22608027458190919,0.0007648468017578125,0.6753962784286699,0.6795668416657905,0.0001,"(50, 50)",30,"{'NN__alpha': 0.0001, 'NN__hidden_layer_sizes': (50, 50), 'km__n_clusters': 30}",12,0.6986301369863014,0.7187230371009491,0.6838487972508591,0.7017241379310345,0.7034482758620689,0.6993970714900948,0.6586206896551724,0.6511627906976745,0.6319444444444444,0.6268271711092004,0.023348744115003907,6.128108872827778e-05,0.026668894408252902,0.03465733514119009
117,0.2451493740081787,0.0007361412048339844,0.6526533425223984,0.6614587756541175,0.0001,"(50, 50)",35,"{'NN__alpha': 0.0001, 'NN__hidden_layer_sizes': (50, 50), 'km__n_clusters': 35}",41,0.6541095890410958,0.6712683347713546,0.6597938144329897,0.6793103448275862,0.6896551724137931,0.7019810508182601,0.6275862068965518,0.627906976744186,0.6319444444444444,0.6268271711092004,0.01389743984899493,2.9380134895974667e-05,0.022248541811640876,0.029604161869427076
118,0.26274757385253905,0.0007567882537841796,0.6623018607856651,0.6645310744569229,0.0001,"(50, 50)",40,"{'NN__alpha': 0.0001, 'NN__hidden_layer_sizes': (50, 50), 'km__n_clusters': 40}",21,0.6917808219178082,0.636755823986195,0.6529209621993127,0.6879310344827586,0.696551724137931,0.6907838070628768,0.6275862068965518,0.627906976744186,0.6423611111111112,0.6792777300085985,0.010836617813586165,4.581097447032212e-05,0.02732710346194744,0.02670961257837318
119,0.30390429496765137,0.0008292675018310546,0.6574776016540317,0.6580176372310739,0.0001,"(50, 50)",50,"{'NN__alpha': 0.0001, 'NN__hidden_layer_sizes': (50, 50), 'km__n_clusters': 50}",30,0.6643835616438356,0.6971527178602244,0.6460481099656358,0.6551724137931034,0.6931034482758621,0.6813092161929372,0.6275862068965518,0.627906976744186,0.65625,0.6285468615649183,0.014953484448752552,0.00018273818412941858,0.02164108602848123,0.027775262289023633
